CENTRO_POBLADO;LATITUD;LONGITUD;3G;4G;VOZ;SMS;MMS;CANT_EB_3G;CANT_EB_4G
TRUJILLO;-8.111789652;-79.02867956;1;1;1;1;1;59;56
EL CONDE;-8.12428;-78.98788;1;1;1;1;1;1;1
EL PALMO;-8.13242;-79.01334;1;1;1;1;1;2;2
NUEVA VICTORIA;-8.1272;-78.99731;1;1;1;1;1;2;2
EX FUNDO LARREA;-8.13585;-79.01117;1;0;1;1;1;1;1
LA ENCALADA (LA ENCALADA VIEJA);-8.14658;-79.02741;1;1;1;1;1;2;2
SANTA ROSA;-8.13749;-79.0055;1;1;1;1;1;0;0
EL PORVENIR;-8.073838516;-78.99309976;1;1;1;1;1;21;21
FLORENCIA DE MORA;-8.082054767;-79.02367092;1;1;1;1;1;6;6
HUANCHACO;-8.084058724;-79.11936921;1;1;1;1;1;1;1
WICHANZAO;-8.01715;-79.0472;1;0;1;1;1;0;0
EL MILAGRO;-8.022877385;-79.06694297;1;1;1;1;1;3;3
LOS HUERTOS;-8.05843;-79.08137;1;0;1;1;1;1;1
EL TABLAZO;-8.07866;-79.11507;1;1;1;1;1;1;1
NUEVO HORIZONTE;-8.0565;-79.09202;1;0;1;1;1;1;1
VALDIVIA (VALDIVIA ALTA);-8.08086;-79.08493;1;0;1;1;1;1;1
HUANCHAQUITO ALTO;-8.092972892;-79.10280588;1;1;1;1;1;1;1
SANTA MARIA;-8.0938;-79.06183;1;1;1;1;1;0;0
NUEVO PROGRESO;-8.09454;-79.05643;1;1;1;1;1;1;1
VILLA DEL MAR;-8.0982;-79.06299;1;1;1;1;1;0;0
HUANCHAQUITO BAJO;-8.10131;-79.10755;1;1;1;1;1;1;0
PAMPAS DE ALEJANDRO;-8.11025;-79.06956;1;1;1;1;1;0;0
VILLA LOS ANGELES;-8.09549;-79.09054;1;1;1;1;1;1;1
EL PROGRESO;-8.0882558;-79.05492;1;1;1;1;1;0;0
LA ESPERANZA;-8.082975206;-79.04099848;1;1;1;1;1;20;19
LAREDO;-8.088183012;-78.9596496;1;1;1;1;1;2;2
CATUAY BAJO;-8.01615;-78.83648;1;1;1;1;1;0;0
MENOCUCHO;-8.022847343;-78.83893739;1;1;1;1;1;0;0
SANTA ROSA ALTA;-8.03021;-78.84482;1;1;1;1;1;0;0
JESUS MARIA;-8.04127;-78.83901;1;1;1;1;1;0;0
LAS COCAS;-8.050875;-78.843755;1;1;1;1;1;0;0
SANTA ROSA BAJA;-8.04077;-78.84438;1;1;1;1;1;0;0
CIUDAD DE DIOS;-8.04692;-78.85484;1;1;1;1;1;0;0
BELLO HORIZONTE;-8.058873936;-78.85910276;1;1;1;1;1;1;1
QUIRIHUAC ALTO (QUIRIHUAC NUEVO);-8.065833297;-78.86135014;1;1;1;1;1;0;0
QUIRIHUAC BAJO (QUIRIHUAC I);-8.07166;-78.85457;1;1;1;1;1;0;0
SAN CARLOS;-8.07506;-78.94653;1;0;1;1;1;1;0
SAN IDELFONSO;-8.06786;-78.95478;1;1;1;1;1;0;0
CAMPI�A LA MERCED ALTA;-8.08309;-78.9779;1;1;1;1;1;0;0
CAMPI�A LA MERCED BAJA;-8.08868;-78.96802;1;1;1;1;1;0;0
PUENTE VENENO;-8.09613;-78.95842;1;1;1;1;1;0;0
BAMBAS BAJO;-8.08758;-78.89462;1;0;1;1;1;0;0
QUIRIHUAC II;-8.0847;-78.87107;1;1;1;1;1;0;0
EL CASTILLO;-8.08073;-78.86237;1;1;1;1;1;0;0
SANTO DOMINGO;-8.10364;-78.91222;1;0;1;1;1;1;0
SAN PACHUSCO;-8.1052;-78.92547;1;0;1;1;1;0;0
SANTA VICTORIA;-8.10904;-78.93497;1;0;1;1;1;0;0
EL PAREDON;-8.12376;-78.93782;1;0;1;1;1;0;0
CONACHE;-8.12377;-78.94837;1;0;1;1;1;1;0
BARRAZA;-8.11036;-78.97168;1;1;1;1;1;1;0
NUEVO BARRAZA;-8.11032;-78.99266;1;1;1;1;1;0;0
SAN BORJA;-8.03519;-78.84505;1;1;1;1;1;0;0
LA CARBONERA;-8.08957;-78.87315;1;1;1;1;1;0;0
EL QUINTO;-8.09622;-78.89822;1;0;1;1;1;0;0
LAS LOMAS;-8.11403;-78.94779;1;0;1;1;1;0;0
CHANCHAMAYO;-8.11672;-78.95405;1;0;1;1;1;0;0
CACIQUE;-8.12456;-78.95972;1;0;1;1;1;0;0
PAMPAS DE SAN JUAN;-8.13057;-78.93959;1;0;1;1;1;0;0
ESPINO LIMON;-8.08047;-78.8735;1;1;1;1;1;0;0
MOCHE;-8.171425331;-79.00893519;1;1;1;1;1;0;0
BOCATOMA;-8.13013;-78.99472;0;1;0;0;0;0;0
CHANQUIN ALTO;-8.13301;-78.99722;1;1;1;1;1;0;0
LA COBRANZA;-8.13807;-78.99684;1;1;1;1;1;0;0
PISUN;-8.14091;-78.99304;1;1;1;1;1;0;0
VILLA SAN JUAN;-8.14051;-78.99552;1;1;1;1;1;0;0
LA GENERAL (SUN. B);-8.14579;-79.00068;1;1;1;1;1;0;0
EL TANQUE;-8.146442577;-79.0079441;1;1;1;1;1;0;0
SAN AGUSTIN DEL PUENTE;-8.14475;-79.01322;1;1;1;1;1;0;0
EL CARNERO;-8.149837808;-79.00773572;1;1;1;1;1;0;0
SUN (SUNA);-8.14744;-79.00285;1;0;1;1;1;0;0
LA CA�A;-8.14787;-78.9968;1;1;1;1;1;0;0
LA ESPERANZA;-8.149;-79.00651;1;0;1;1;1;0;0
LA BARRANCA;-8.15165;-79.02021;1;1;1;1;1;0;0
EL ROSARIO;-8.15197;-79.00748;1;1;1;1;1;0;0
SAN CARLOS;-8.15099;-79.00045;1;0;1;1;1;0;0
MUSIBAYA;-8.15429;-79.00936;1;1;1;1;1;0;0
CARRIZO GRANDE;-8.15473;-79.02391;1;1;1;1;1;0;0
CARRIZO CHICO;-8.15649;-79.02656;1;1;1;1;1;0;0
SAN AGUSTIN DE LA PORTADA;-8.15837;-79.01347;1;1;1;1;1;1;1
EL RETIRO;-8.15875;-79.00838;1;1;1;1;1;0;0
CHACARILLA;-8.15648;-78.99795;1;1;1;1;1;0;0
LA HACIENDITA;-8.15973;-79.00426;1;1;1;1;1;0;0
LA LINEA;-8.16154;-79.00782;1;1;1;1;1;0;0
HUEREQUEQUE;-8.15861;-78.99684;1;1;1;1;1;0;0
BYTIN;-8.16263;-78.99375;1;1;1;1;1;0;0
LOS PENCOS;-8.16495;-79.01619;1;1;1;1;1;0;0
LA PATERA;-8.16283;-79.02965;1;1;1;1;1;0;0
LA AMERICA;-8.16346;-79.02263;1;1;1;1;1;0;0
LOS PENQUITOS;-8.16721;-79.01776;1;1;1;1;1;0;0
LOS TALLOS;-8.1633;-79.00837;1;1;1;1;1;0;0
LA PALMERA;-8.16493;-78.99838;1;1;1;1;1;0;0
EL COCO;-8.16333;-78.99712;1;1;1;1;1;0;0
PAMPAS INDUSTRIALES;-8.16482;-78.97395;1;1;1;1;1;0;0
LAS TORRES DE SAN BORJA;-8.16946;-79.02401;1;0;1;1;1;0;0
HORCONCITO;-8.16991;-79.01537;1;1;1;1;1;0;0
HUABALITO;-8.17071;-79.00296;1;1;1;1;1;0;0
BELLAVISTA;-8.17413;-79.00245;1;1;1;1;1;0;0
CHOC CHOC;-8.17151;-78.99927;1;1;1;1;1;0;0
LA FORTUNA;-8.172;-78.99428;1;0;1;1;1;0;0
LOS MUERTOS;-8.17132;-79.02222;1;0;1;1;1;0;0
LA CRUZ;-8.17572;-79.0081;1;1;1;1;1;1;1
HUARTACO;-8.17909;-79.00493;1;1;1;1;1;0;0
EL MUELLE;-8.17895;-78.99719;1;1;1;1;1;0;0
MIRAMAR;-8.175882687;-78.9963272;1;1;1;1;1;0;0
EL PALMO;-8.18365;-79.00127;1;1;1;1;1;0;0
CHOROVAL;-8.18709;-78.99753;1;1;1;1;1;0;0
MONGONCILLO;-8.18892;-79.00606;1;1;1;1;1;0;0
EL ARENAL;-8.13928;-78.99347;1;0;1;1;1;0;0
CUSTODIA SANTISIMO NOMBRE DE JESUS;-8.164;-79.0215;1;1;1;1;1;0;0
POROTO;-8.01142;-78.76795;1;0;1;1;1;0;0
DOS DE MAYO;-8.02179;-78.814185;1;0;1;1;1;0;0
CHILE ALTO;-8.02234;-78.80477;1;0;1;1;1;0;0
CHILE BAJO;-8.0155365;-78.79756;1;0;1;1;1;0;0
EL ARQUITO;-8.00008;-78.7713;1;0;1;1;1;0;0
SAN ANTONIO;-8.00305;-78.75719;1;0;1;1;1;1;0
PACHILLAR;-8.003;-78.76;1;0;1;1;1;0;0
SHIRAN;-8.008171282;-78.7541773;1;0;1;1;1;0;0
LA TRANCA;-8.009125;-78.75171167;1;0;1;1;1;0;0
CON CON;-8.008325;-78.73847167;1;0;1;1;1;0;0
CALIFORNIA;-8.008951667;-78.72977167;1;0;1;1;1;0;0
CAMBARRA;-8.00897;-78.72972;1;0;1;1;1;0;0
CUSHMUN;-7.99831;-78.6931;1;0;1;1;1;0;0
MI�ATE;-8.01631;-78.72507;1;0;1;1;1;0;0
MISHIRIHUANGA;-8.01071;-78.73832;1;0;1;1;1;0;0
LOMAS DEL PANTEON;-8.01296;-78.7543;1;0;1;1;1;0;0
CASA BLANCA;-8.008578333;-78.772345;1;0;1;1;1;0;0
FLOR DE MAYO;-8.02945;-78.81776;1;0;1;1;1;0;0
EL BADO;-8.01529;-78.79399667;1;0;1;1;1;0;0
SALAVERRY;-8.217877971;-78.97715958;1;1;1;1;1;1;1
CHOROBAL;-8.19367;-78.99108;1;1;1;1;1;0;0
ALTO SALAVERRY;-8.189490971;-78.98761995;1;1;1;1;1;1;1
SIMBAL;-7.97634;-78.81361;1;0;1;1;1;1;0
ZAVALETA;-7.89367;-78.74412;1;0;1;1;1;0;0
ALTAMISA;-7.88702;-78.77992;1;0;1;1;1;0;0
PUNCAY;-7.88962;-78.79004;1;0;1;1;1;0;0
CHIRIN;-7.8983;-78.78976;1;0;1;1;1;0;0
EL HORNO VIEJO;-7.9182207;-78.79833;1;0;1;1;1;0;0
PUCAPAMPA;-7.93136;-78.73591;1;0;1;1;1;0;0
LA CAPILLA;-7.9519643;-78.81433;1;0;1;1;1;0;0
GUZMAN;-7.96601;-78.77777;1;0;1;1;1;0;0
CAJAMARCA;-7.971305;-78.81035167;1;0;1;1;1;0;0
LA CALAMINA;-7.96815;-78.80824;1;0;1;1;1;0;0
CHACCHIT;-7.97321;-78.78906;1;0;1;1;1;0;0
CHOLOCAL;-7.99052;-78.81849;1;0;1;1;1;0;0
CUMBRAY;-7.99358;-78.82051;1;0;1;1;1;0;0
PEDREGAL;-8.00753;-78.82606;1;0;1;1;1;0;0
CATUAY ALTO;-8.011145;-78.83371667;1;0;1;1;1;0;0
LA CONSTANCIA;-8.012063333;-78.81740833;1;0;1;1;1;0;0
BUENOS AIRES;-8.143567052;-79.05619138;1;1;1;1;1;7;7
LA ENCALADA;-8.14225;-79.02875;1;1;1;1;1;4;4
EL ARENAL;-8.1517;-79.0283;1;1;1;1;1;0;0
BOCANA SUR;-8.15392;-79.03369;1;1;1;1;1;0;0
LOS ISRAELITAS;-8.15292;-79.03942;1;1;1;1;1;1;1
ASCOPE;-7.713503983;-79.10727933;1;1;1;1;1;1;1
LA CALERA;-7.71305;-79.08819;1;0;1;1;1;0;0
SAN ANTONIO;-7.71298;-79.04278;1;0;1;1;1;0;0
LA CAPILLA;-7.71614;-79.11863;1;1;1;1;1;0;0
LA GRISELDA;-7.72288;-79.10751;1;1;1;1;1;0;0
PAMPAS DE VENTURA;-7.71494;-79.06366;1;0;1;1;1;0;0
POTREROS DE LOS PISCOS;-7.72925;-79.09992;1;1;1;1;1;0;0
LOS ARRIENDOS;-7.71951;-79.0962;1;1;1;1;1;0;0
VALLE HERMOSO;-7.7116896;-79.1338;1;0;1;1;1;0;0
CASA BLANCA;-7.71095;-79.07074;1;0;1;1;1;0;0
EL ARENAL;-7.71091;-79.08866;1;1;1;1;1;0;0
EL INGENIO;-7.71171;-79.11733;1;1;1;1;1;0;0
LOS CIRUELOS;-7.71363;-79.13019;1;1;1;1;1;0;0
LA VICTORIA;-7.71667;-79.11391;1;1;1;1;1;0;0
POTRERO BARRANCA;-7.73064;-79.10601;1;1;1;1;1;0;0
RIVERA DE RIO;-7.74287;-79.11324;1;1;1;1;1;0;0
TOMA ROMA;-7.73157;-79.08237;1;0;1;1;1;0;0
TOMA PAIJAN;-7.73531;-79.08865;1;0;1;1;1;0;0
TOMA FACALA;-7.72444;-79.05891;1;0;1;1;1;0;0
CRUZ BOTIJA;-7.71201;-79.06563;1;0;1;1;1;0;0
CHICAMA;-7.842828908;-79.14385685;1;1;1;1;1;1;1
SAUSAL;-7.734040432;-79.00445804;1;1;1;1;1;1;1
QUEMAZON;-7.73683;-79.03248167;1;0;1;1;1;0;0
PIEDRA MOLINO;-7.73952;-79.06081;1;0;1;1;1;0;0
CHICAMITA;-7.836034897;-79.1443978;1;1;1;1;1;0;0
CHICLIN;-7.837606829;-79.16128413;1;1;1;1;1;0;0
LLAMIPE;-7.89628;-79.18221;1;0;1;1;1;0;0
LAGUNA DEL PATO;-7.9107872;-79.18717;1;1;1;1;1;0;0
EL PALENQUE;-7.72559;-78.9916;1;0;1;1;1;0;0
LA MONICA;-7.74573;-79.03765;1;0;1;1;1;0;0
ATAHUALPA;-7.74178;-79.06874;1;0;1;1;1;0;0
SAN RAMON;-7.82614;-79.14071;1;0;1;1;1;0;0
LA CAMPI�A;-7.84429;-79.13458;1;1;1;1;1;0;0
ALTO CHICLIN;-7.82117;-79.17083;1;0;1;1;1;0;0
CHOCOPE;-7.791847209;-79.22265335;1;1;1;1;1;1;1
ZANJON Y PALMERA;-7.77351;-79.28171;1;0;1;1;1;0;0
LA CONSTANCIA;-7.76821;-79.22181;1;1;1;1;1;0;0
MOCOLLOPE;-7.785078333;-79.20011833;1;0;1;1;1;0;0
CAREAGA;-7.805143333;-79.19587333;1;0;1;1;1;0;0
SINTUCO;-7.811010336;-79.19974039;1;0;1;1;1;0;0
FARIAS;-7.80694;-79.2248;1;1;1;1;1;0;0
MOLINO LARCO;-7.79829;-79.2575;1;0;1;1;1;0;0
MOLINO CAJANLEQUE;-7.79353;-79.27374;1;0;1;1;1;1;0
CUCHILLA SALAMANCA;-7.80788;-79.26791;1;0;1;1;1;0;0
MARIPOSA LEIVA;-7.772841667;-79.254675;1;0;1;1;1;0;0
NUEVA CONSTANCIA;-7.767678333;-79.222795;1;0;1;1;1;0;0
LAS QUINTANAS;-7.77934;-79.20027;1;1;1;1;1;0;0
MAGDALENA DE CAO;-7.877642168;-79.29445152;1;0;1;1;1;1;0
CORRALON;-7.8154101;-79.33077;1;0;1;1;1;0;0
SALAMANCA;-7.82102;-79.27372;1;0;1;1;1;0;0
ANALEQUE;-7.8204999;-79.30799;1;0;1;1;1;0;0
EL HOYERO (CHIVERO);-7.83324;-79.30181;1;0;1;1;1;0;0
CHIVERO;-7.83872;-79.29322;1;0;1;1;1;0;0
PAMPA DE CARRERA;-7.83634;-79.27512;1;0;1;1;1;0;0
TOMA DEL TUBO;-7.83724;-79.21087;1;0;1;1;1;0;0
HUACA DEL ROSARIO;-7.84294;-79.21928;1;0;1;1;1;0;0
TICMAR;-7.84553;-79.26397;1;0;1;1;1;0;0
LA MANGA;-7.85984;-79.28029;1;0;1;1;1;0;0
MONCADA ALTA;-7.86373;-79.24906;1;1;1;1;1;0;0
SOLOQUE;-7.89515;-79.2674;1;0;1;1;1;0;0
NAZARENO;-7.92337;-79.28655;1;0;1;1;1;0;0
BOCA DEL RIO;-7.93775;-79.28893;1;0;1;1;1;0;0
PAIJAN;-7.734258714;-79.30326216;1;1;1;1;1;2;1
LOS CHAVEZ;-7.68939;-79.32872;1;0;1;1;1;0;0
NUEVA ARENITA;-7.68621;-79.32092;1;0;1;1;1;1;0
LOS GRADOS;-7.70986;-79.33611;1;1;1;1;1;0;0
RIO SECO;-7.69243;-79.34426;1;0;1;1;1;0;0
LA PLANTA;-7.6969;-79.32776;1;1;1;1;1;0;0
HUACA COLORADA;-7.70486;-79.33015;1;1;1;1;1;0;0
EL CERRITO;-7.71444;-79.34136;1;0;1;1;1;0;0
MACABI BAJO;-7.72014;-79.35042;1;0;1;1;1;0;0
CHUMPON;-7.71834;-79.32023;1;1;1;1;1;0;0
LA RUEDA;-7.7353;-79.32816;1;1;1;1;1;0;0
CAROLINA;-7.730455;-79.323375;1;0;1;1;1;0;0
EL PILAR;-7.72898;-79.31581;1;1;1;1;1;0;0
TAMBO;-7.72998;-79.3097;1;1;1;1;1;1;1
SAN JUAN;-7.73664;-79.31292;1;1;1;1;1;0;0
SAUCIPE;-7.73877;-79.30314;1;1;1;1;1;0;0
GARBANZAL;-7.74809;-79.31474;1;1;1;1;1;0;0
TOMA LOS LEONES;-7.74584;-79.32596;1;1;1;1;1;0;0
CHUIN;-7.75056;-79.27928;1;0;1;1;1;0;0
LA GRAMA;-7.76716;-79.29685;1;1;1;1;1;0;0
CHUIN ALTO;-7.7377;-79.26919;1;1;1;1;1;0;0
LA POSADA;-7.72707;-79.31889;1;1;1;1;1;0;0
LA HORMIGUITA;-7.71907;-79.28488;1;0;1;1;1;0;0
LA FORTUNA;-7.74615;-79.3007;1;1;1;1;1;0;0
NONCOPE;-7.74903;-79.29002;1;1;1;1;1;0;0
CHONGOLLAPE;-7.74323;-79.30246;1;1;1;1;1;0;0
PUERTO DE MALABRIGO;-7.702035755;-79.43710899;1;1;1;1;1;1;1
EL PALOMAR;-7.67979;-79.37197;1;0;1;1;1;0;0
LA ARENITA BAJA;-7.67754;-79.32513;1;0;1;1;1;0;0
LA MENSAJERA;-7.68853;-79.35048;1;0;1;1;1;0;0
EL PARAISO;-7.7068;-79.39273;1;0;1;1;1;0;0
LA PERLA DE MACABI;-7.69683;-79.35635;1;0;1;1;1;0;0
MACABI ALTO;-7.71749;-79.36915;1;0;1;1;1;1;0
SANTA ROSA;-7.71621;-79.37725;1;0;1;1;1;0;0
LA PAMPA;-7.72438;-79.35791;1;0;1;1;1;0;0
LA GARITA;-7.734;-79.36384;1;0;1;1;1;0;0
LA LINEA DE PANCAL;-7.73015;-79.37805;1;0;1;1;1;0;0
EL PANCAL;-7.73389;-79.39215;1;0;1;1;1;0;0
LOS AMAYAS;-7.68149;-79.34328;1;0;1;1;1;0;0
LA CORLIB;-7.67006;-79.33875;1;0;1;1;1;0;0
EL ALGODONAL;-7.74489;-79.34498;1;0;1;1;1;0;0
ALTAMIRA;-7.74479;-79.3644;1;0;1;1;1;0;0
LA ARENITA RAMAL III;-7.67948;-79.32617;1;0;1;1;1;0;0
PUEBLO LIBRE;-7.782717398;-79.35658392;1;0;1;1;1;0;0
EL PROGRESO;-7.77393;-79.33362333;1;0;1;1;1;0;0
LAS DOS RAYAS;-7.67254;-79.36976;1;0;1;1;1;0;0
LA GRANJA;-7.66299;-79.33741;1;0;1;1;1;1;0
LAS PALMAS;-7.6694668;-79.3918;1;0;1;1;1;0;0
LOS GARCIA;-7.713918333;-79.374965;1;0;1;1;1;0;0
PARAISO BAJO;-7.69843;-79.38834;1;0;1;1;1;0;0
PARAISO NUEVO;-7.71321;-79.39456;1;0;1;1;1;0;0
PARAISO ALTO;-7.69733;-79.37298;1;0;1;1;1;0;0
SANTIAGO DE CAO;-7.962578152;-79.23877117;1;0;1;1;1;1;0
POZO NUMERO 1;-7.87689;-79.23311;1;1;1;1;1;0;0
EL VEINTICINCO (CUCURRIPE);-7.87827;-79.20884;1;1;1;1;1;0;0
SUMANIQUE;-7.88138;-79.22962;1;1;1;1;1;1;1
CARTAVIO;-7.892675569;-79.22142508;1;1;1;1;1;0;0
SAN JOSE BAJO;-7.9041;-79.23904;1;1;1;1;1;0;0
LA VICTORIA;-7.90004;-79.22376;1;1;1;1;1;0;0
EL EXPERIMENTAL;-7.90503;-79.21783;1;1;1;1;1;0;0
BARRETO;-7.91747;-79.21239;1;1;1;1;1;0;0
TUPAC AMARU;-7.94321;-79.20289;1;0;1;1;1;0;0
CHIQUITOY;-7.92726;-79.20829;1;0;1;1;1;0;0
NEPEN;-7.93038;-79.26497;1;0;1;1;1;0;0
LA PONDEROSA;-7.95378;-79.20219;1;0;1;1;1;0;0
EL CHARCO;-7.9744;-79.23989;1;0;1;1;1;0;0
CAMPI�A SANTIAGO DE CAO;-7.94858;-79.23245;1;0;1;1;1;0;0
CURVA CASTILLO;-7.95562;-79.25059;1;0;1;1;1;0;0
MIRAFLORES;-7.88452;-79.19992;1;1;1;1;1;0;0
EL MEDANO;-7.95727;-79.20841;1;0;1;1;1;0;0
GRUPO CAMPESINO VENCEDORES;-7.93198;-79.18974;1;0;1;1;1;0;0
HUACA COLORADA;-7.93389;-79.17291;1;0;1;1;1;0;0
SECTOR CASCAJAL;-7.94554;-79.25763;1;0;1;1;1;0;0
CAMPINA IPARRAGUIRRE;-7.93599;-79.20265;1;0;1;1;1;1;0
HUACA CUCURRIPE (CAMPO 25);-7.91654;-79.22317;1;1;1;1;1;0;0
CAMPI�A CHIQUITOY - RAMAL 3 (LA PONDEROSA);-7.96279;-79.21689;1;0;1;1;1;0;0
CASA GRANDE;-7.744551891;-79.18794496;1;1;1;1;1;2;2
ESPINAL (EL MEDANO);-7.635995398;-79.25980453;1;0;1;1;1;0;0
CALLE EL INCA;-7.65108;-79.27161;1;0;1;1;1;0;0
POTRERO GRANDE;-7.65041;-79.26358;1;0;1;1;1;0;0
CUCHILLA HOLGUIN;-7.653367834;-79.254863;1;0;1;1;1;0;0
MOCAN;-7.656;-79.24107;1;0;1;1;1;1;0
QUINTA LA GLORIA;-7.66132;-79.27386;1;0;1;1;1;0;0
SANTA CLARA;-7.7008;-79.2256;1;0;1;1;1;1;0
ACEQUIA PAIJAN (LICAPA);-7.73061;-79.18296;1;1;1;1;1;0;0
FACALA;-7.72267;-79.15832;1;0;1;1;1;0;0
LACHE;-7.72569586;-79.19198884;1;1;1;1;1;0;0
LA CACHIMBA;-7.71698;-79.20514;1;0;1;1;1;0;0
EL QUINCE;-7.743601667;-79.16972667;1;1;1;1;1;0;0
ROMA;-7.76564142;-79.146846;1;1;1;1;1;1;1
EL CERRILLO;-7.66923;-79.26404;1;0;1;1;1;0;0
EL OLIVAR;-7.66321;-79.28577;1;0;1;1;1;0;0
BOLIVAR;-7.153915402;-77.70263055;1;1;1;1;1;1;1
BELLAVISTA;-7.14777;-77.70048;1;0;1;1;1;0;0
CHOMEN;-7.15038;-77.71872;1;0;1;1;1;0;0
EL RECREO;-7.1607;-77.70392;1;0;1;1;1;0;0
SAN JUAN;-7.15536;-77.6971;0;1;0;0;0;0;0
ENABEN;-7.18219;-77.73547;1;0;1;1;1;0;0
PORVENIR;-7.16419;-77.6999;1;0;1;1;1;0;0
MOSTONA;-7.14956;-77.71002;1;0;1;1;1;0;0
PUCA CRUZ;-7.17313;-77.72771;1;0;1;1;1;0;0
CHEPEN;-7.227187999;-79.42969347;1;1;1;1;1;4;4
HUACA BLANCA ALTA;-7.15944;-79.38197;1;0;1;1;1;0;0
ISLA ALTA;-7.16361;-79.37779;1;0;1;1;1;0;0
PAMPA LARGA;-7.204473622;-79.38595948;1;0;1;1;1;0;0
EL SALVADOR;-7.18396;-79.41624;1;1;1;1;1;1;0
SANTA CECILIA;-7.19244362;-79.4298286;1;0;1;1;1;0;0
MANCOCHITO;-7.21431;-79.38168;1;0;1;1;1;0;0
CATALU�A;-7.22525;-79.385;1;1;1;1;1;0;0
NUEVO PARAISO;-7.20432;-79.39638;1;0;1;1;1;1;0
CERRO SERRANO;-7.2256044;-79.40961;1;1;1;1;1;1;1
TALAMBO;-7.24214;-79.39914;1;1;1;1;1;1;1
CHEPEN ALTO;-7.24691;-79.41231;1;1;1;1;1;0;0
ALGARROBAL DE TALAMBO;-7.238202021;-79.3917267;1;0;1;1;1;0;0
LA MORANA;-7.25429;-79.39643;1;1;1;1;1;0;0
MARISCAL LA MAR;-7.267248005;-79.40807866;1;0;1;1;1;0;0
CALERA BAJA;-7.2698177;-79.39624;1;1;1;1;1;0;0
PUENTE MAYTA;-7.302717392;-79.39712725;1;0;1;1;1;0;0
CERRILLO;-7.2926393;-79.4094;1;1;1;1;1;0;0
SAN SIMON;-7.29448;-79.32941;1;0;1;1;1;0;0
HUABAL;-7.29014;-79.3231;1;0;1;1;1;1;0
LA ARENITA;-7.276364617;-79.30180936;1;0;1;1;1;0;0
ZAPOTAL;-7.27581;-79.29815;1;0;1;1;1;1;0
EL POLVORIN;-7.277155337;-79.27589567;1;0;1;1;1;0;0
BUENOS AIRES;-7.225317953;-79.38616289;1;0;1;1;1;0;0
PACANGA;-7.171347665;-79.48584272;1;1;1;1;1;1;1
NUEVA ESPERANZA;-7.094533333;-79.57486167;1;0;1;1;1;0;0
ALBERTO FUJIMORI FUJIMORI;-7.095069;-79.577;1;0;1;1;1;0;0
PAMPA LAS SANDIAS;-7.105425;-79.52702333;1;0;1;1;1;0;0
SAN JUAN DE DIOS;-7.100975519;-79.51580844;1;0;1;1;1;1;0
CHIMBORAZO;-7.10966;-79.52805;1;0;1;1;1;0;0
VISTA ALEGRE;-7.1294967;-79.5353;1;1;1;1;1;0;0
CERRO COLORADO;-7.125858843;-79.49623165;1;0;1;1;1;0;0
TELEFONO;-7.12883;-79.55495;1;0;1;1;1;0;0
MONTE SECO;-7.135245;-79.51169833;1;0;1;1;1;0;0
TIERRAS NUEVAS;-7.13228;-79.47723;1;1;1;1;1;0;0
CUCHARA;-7.13999;-79.48923;1;0;1;1;1;0;0
LA ESCUADRA;-7.1452615;-79.54701;1;1;1;1;1;0;0
MARTIN SANCHEZ;-7.14775;-79.49406;1;1;1;1;1;0;0
HUACA BLANCA BAJA;-7.15939;-79.38201;1;0;1;1;1;1;0
EL TRUST;-7.160821667;-79.38336333;1;0;1;1;1;0;0
PACANGUILLA;-7.154666867;-79.44361633;1;1;1;1;1;1;1
TAMBILLO;-7.164295;-79.48817333;1;1;1;1;1;0;0
CRUZ DE LA LEGUA;-7.16878;-79.5413;1;1;1;1;1;0;0
EL LIMO;-7.16576;-79.49622;1;1;1;1;1;0;0
TANGUITO (EL TAMBO);-7.16319;-79.46756;1;1;1;1;1;0;0
EL SANJON;-7.17992;-79.46164;1;1;1;1;1;0;0
LA CAMPI�A DE MOFO;-7.19066;-79.46386;1;1;1;1;1;0;0
CABO VERDE;-7.17635;-79.514265;1;1;1;1;1;0;0
SAN JORGE;-7.1840743;-79.51489;1;1;1;1;1;0;0
EL TRIUNFO;-7.17516;-79.50469;1;1;1;1;1;0;0
SAN GERARDO;-7.176203333;-79.48211833;1;1;1;1;1;0;0
QUITO;-7.16741;-79.4666;1;1;1;1;1;0;0
LA TROCHA;-7.17326;-79.43294;1;1;1;1;1;0;0
SAN JOSE DE MORO (MORO);-7.179360948;-79.43902778;1;1;1;1;1;0;0
HUACA DE LAS ESTACAS;-7.18518;-79.46925;1;1;1;1;1;0;0
CAIN;-7.19047;-79.47542;1;1;1;1;1;0;0
LOS PARQUES;-7.191399168;-79.50648205;1;1;1;1;1;0;0
KAWACHI;-7.08939;-79.53281;1;0;1;1;1;1;0
TRUST BAJO;-7.16726;-79.40914;0;1;0;0;0;0;0
ALTO PACANGUILLA;-7.13585;-79.45368;1;1;1;1;1;0;0
EL ALGARROBAL;-7.17593;-79.42698;1;1;1;1;1;0;0
NUEVA JERUSALEN;-7.111671667;-79.47218833;1;0;1;1;1;1;0
EL PORVENIR;-7.12859;-79.47631;1;0;1;1;1;0;0
LA FLORIDA;-7.15367;-79.52794;1;1;1;1;1;0;0
HUACA CHINA;-7.180461667;-79.51066;1;1;1;1;1;0;0
PUEBLO NUEVO;-7.188444257;-79.51496374;1;1;1;1;1;1;1
NUEVO HORIZONTE-BUENOS AIRES;-7.1455;-79.59495;1;1;1;1;1;0;0
ALTO SAN ILDEFONSO;-7.14409;-79.58444;1;0;1;1;1;0;0
SAN ISIDRO;-7.12451;-79.57695;1;0;1;1;1;0;0
SANTA ROSA;-7.162801404;-79.55284053;1;1;1;1;1;0;0
HUANCHACO;-7.1692;-79.54108;1;1;1;1;1;0;0
NUEVA ESPERANZA;-7.17388;-79.53138;1;1;1;1;1;0;0
CHARCAPE;-7.192538333;-79.53187;1;1;1;1;1;0;0
UJIAN;-7.193306667;-79.52480167;1;1;1;1;1;0;0
EL MILAGRO-MOLINO;-7.20181;-79.51819;1;1;1;1;1;0;0
AVIACION;-7.2099;-79.51741;1;1;1;1;1;0;0
MOLINO;-7.20657;-79.51781;1;1;1;1;1;0;0
GEIPE BAJO;-7.19942;-79.50311;1;1;1;1;1;0;0
GUANABANO;-7.21379;-79.49053;1;0;1;1;1;0;0
QUEMBER;-7.22162;-79.47767;1;0;1;1;1;0;0
LA PAMPILLA;-7.229968333;-79.48584833;1;0;1;1;1;0;0
LA MANGA;-7.22199;-79.48775;1;0;1;1;1;0;0
SANTA CATALINA;-7.22027;-79.51542;1;1;1;1;1;0;0
EL ALGARROBAL;-7.23603;-79.52206;1;1;1;1;1;0;0
EL PROGRESO;-7.10458;-79.58730333;1;0;1;1;1;1;0
BUENOS AIRES;-7.14287;-79.59081;1;1;1;1;1;0;0
LOS JARDINES;-7.23384;-79.49742;1;0;1;1;1;0;0
GEIPE ALTO;-7.20742;-79.49218;1;1;1;1;1;0;0
SANTIAGO;-7.23091;-79.50986;1;1;1;1;1;0;0
BLAYS;-7.22547;-79.5041;1;0;1;1;1;0;0
MAFFEQUIN;-7.23647;-79.49383;1;0;1;1;1;0;0
IGLESIA VIEJA;-7.13926;-79.57828;1;1;1;1;1;0;0
NUEVO MUNDO;-7.14193;-79.57605;1;1;1;1;1;0;0
LA TERESA;-7.14395;-79.55986;1;1;1;1;1;0;0
EL POTRERO;-7.15286;-79.56859;1;1;1;1;1;0;0
MANANGUICHE;-7.16098;-79.55514;1;1;1;1;1;1;1
HUACA BLANCA;-7.16823;-79.55882;1;1;1;1;1;0;0
COTON;-7.17476;-79.53529;1;1;1;1;1;0;0
EL TRIGO;-7.2318;-79.52821;1;0;1;1;1;0;0
JULCAN;-8.042601354;-78.48669867;1;1;1;1;1;1;1
SAN VICENTE;-8.00794;-78.4813;1;0;1;1;1;0;0
LA FORTUNA;-8.01589;-78.45179;1;1;1;1;1;0;0
CRUZMARCA;-8.01702;-78.47777;1;0;1;1;1;0;0
CHINCHANGO;-8.03135;-78.50167;1;0;1;1;1;0;0
SANTA CRUZ;-8.0304;-78.49355;1;0;1;1;1;0;0
MIRAFLORES;-8.03807;-78.48444;1;0;1;1;1;0;0
CRUZPAMPA;-8.03122;-78.48026;1;0;1;1;1;0;0
CARRAPALDAY BAJO;-8.03353;-78.47673;1;0;1;1;1;0;0
NUEVA ESPERANZA;-8.044486667;-78.47876167;1;0;1;1;1;0;0
CARRAPALDAY CHICO;-8.05444;-78.45744;1;1;1;1;1;0;0
CARRAPALDAY ALTO;-8.0553;-78.47246;1;1;1;1;1;0;0
LA VICTORIA;-8.05214;-78.51993;1;0;1;1;1;0;0
QUINIGON;-8.05063;-78.53201;1;1;1;1;1;0;0
OROMALQUI;-8.07473;-78.48618;1;1;1;1;1;0;0
SAN PEDRO;-8.07848;-78.46536;1;1;1;1;1;0;0
PUEBLO NUEVO;-8.07418;-78.45452;1;0;1;1;1;0;0
CARABAMBA;-8.112779584;-78.6077226;1;1;1;1;1;0;0
SANTA ROSA;-8.10845;-78.62432;1;0;1;1;1;0;0
MUNDAY;-8.08404;-78.6093;1;0;1;1;1;0;0
LUIS VICENTE;-8.09669;-78.55576;1;0;1;1;1;0;0
CAMBULUARA;-8.12457;-78.62161;1;1;1;1;1;0;0
SAN CARLOS;-8.11161;-78.56483;1;1;1;1;1;0;0
SAN ISIDRO;-8.13111;-78.57647;1;1;1;1;1;0;0
VICTOR RAUL;-8.13021;-78.60121;1;1;1;1;1;1;1
SAN BIVIANO;-8.14176;-78.63334;1;1;1;1;1;0;0
PAMPA BELLA;-8.14935;-78.62456;1;1;1;1;1;0;0
SAN FERNANDO;-8.12595;-78.56142;1;1;1;1;1;0;0
MACHACALA;-8.14323;-78.627;1;1;1;1;1;0;0
OTUZCO;-7.902475348;-78.56571362;1;1;1;1;1;3;1
SAN JUAN DE LLUGON;-7.84222;-78.52257;1;0;1;1;1;0;0
MACHIGON;-7.88479;-78.59005;1;0;1;1;1;0;0
TRIGOPAMPA;-7.887238333;-78.57848;1;1;1;1;1;0;0
SAN BENANCIO;-7.89872;-78.55468;1;1;1;1;1;1;1
WALTER ACEVEDO;-7.898153333;-78.55063667;1;1;1;1;1;0;0
SAN FRANCISCO DEL SURO;-7.89763;-78.50115;1;1;1;1;1;0;0
SAN MARTIN;-7.94103;-78.55034;1;0;1;1;1;0;0
EL PORVENIR;-7.91829;-78.54321;1;0;1;1;1;0;0
SAMNE;-7.99483;-78.68286;1;0;1;1;1;0;0
AGALLPAMPA;-7.98217;-78.54674;1;0;1;1;1;0;0
CHUAL;-7.95866;-78.57339;1;0;1;1;1;0;0
LOS ALISOS;-7.96623;-78.54913;1;0;1;1;1;1;0
MOTIL;-7.99512;-78.50318;1;0;1;1;1;0;0
HUANANMARCA;-8.00772;-78.49569;1;0;1;1;1;0;0
LA LAGUNA;-7.93968;-78.53482;1;0;1;1;1;0;0
CALLANCAS BAJO;-7.76487;-78.48601;1;0;1;1;1;0;0
EL EDEN;-7.76331;-78.49516;1;0;1;1;1;0;0
MELCOCHAMBA;-7.76755;-78.50201;1;0;1;1;1;0;0
CALLANCAS;-7.76542;-78.48015;1;0;1;1;1;0;0
SA�UMAS;-7.77056;-78.46936;1;0;1;1;1;0;0
CONGOY;-7.8049;-78.46751;1;0;1;1;1;0;0
HUACARCHACAP;-7.80463;-78.45214;1;0;1;1;1;0;0
CASASDAY;-7.81411;-78.46755;1;0;1;1;1;0;0
CHUGAYMALCA;-7.81673;-78.46304;1;0;1;1;1;0;0
MUYAMPAMPA;-7.83033;-78.4604;1;0;1;1;1;0;0
CUNGUNDAY;-7.83989;-78.46209;1;0;1;1;1;0;0
HUARANCHAL;-7.689730015;-78.44271288;1;1;1;1;1;1;1
LA TRANCA;-7.69369;-78.44212;1;0;1;1;1;0;0
EL MILAGRO;-7.69601;-78.44779;1;1;1;1;1;0;0
UNION DESVIO;-7.70082035;-78.44039061;1;0;1;1;1;0;0
RACUAY;-7.73674;-78.46753;1;0;1;1;1;0;0
CHAPIHUAL;-7.74803;-78.48127;1;0;1;1;1;0;0
HUAYOBAMBA;-7.74409;-78.49659;1;0;1;1;1;0;0
CHILCAR;-7.74877;-78.49358;1;0;1;1;1;0;0
EL CHORRO;-7.739520657;-78.49129373;1;0;1;1;1;0;0
PAN DE AZUCAR;-7.74559;-78.47766;1;0;1;1;1;1;0
MACHE;-8.03007;-78.5351;1;0;1;1;1;0;0
LLUIN;-8.008445202;-78.53261078;1;0;1;1;1;0;0
SOLEDAD;-8.02914;-78.54501;1;0;1;1;1;0;0
CAMPO BELLO;-8.02804;-78.51539;1;1;1;1;1;0;0
QUINIGON;-8.05465;-78.53493;1;0;1;1;1;0;0
FRANCISCO BOLOGNESI;-8.06282;-78.54791;1;0;1;1;1;0;0
PARANDAY;-7.8851;-78.70943;1;0;1;1;1;0;0
CHOTA;-7.87806;-78.70595;1;0;1;1;1;0;0
PAMPA DE AVENA;-7.90013;-78.71254;1;0;1;1;1;0;0
EL CANDO;-7.87853;-78.71388;1;0;1;1;1;0;0
SALPO;-8.00418;-78.60329;1;0;1;1;1;1;0
COTRA;-7.97896;-78.58187;1;0;1;1;1;0;0
QUINUILLAS;-7.97996;-78.58844;1;0;1;1;1;0;0
USHCOS;-7.982885;-78.616075;1;0;1;1;1;0;0
LA ESPERANZA;-7.98567;-78.58311;1;0;1;1;1;0;0
EL PALOMAR;-8.00521;-78.59009;1;0;1;1;1;0;0
ACHUPALLAR;-7.99957;-78.59992;1;0;1;1;1;0;0
RAYAPAMPA (RAYAMPAMPA);-8.00164;-78.68381;1;0;1;1;1;1;0
LEONCIO PRADO;-8.01847;-78.55492;1;0;1;1;1;0;0
PAMPA DE COCHAYA;-8.02187;-78.55892;1;0;1;1;1;0;0
COCHAYA;-8.01837;-78.56596;1;0;1;1;1;0;0
COGON;-8.01221;-78.60877;1;0;1;1;1;0;0
SAN MIGUEL;-8.01693;-78.62331;1;0;1;1;1;0;0
PARAGADAY;-8.02025;-78.57214;1;0;1;1;1;0;0
SHULGOM;-8.05693;-78.63754;1;0;1;1;1;1;0
SINSICAP;-7.85092;-78.7547;1;0;1;1;1;0;0
COMPIN;-7.8228;-78.74291;1;0;1;1;1;0;0
TUCURAME;-7.82765;-78.74533;1;0;1;1;1;1;0
CAMBAR;-7.83352;-78.74034;1;0;1;1;1;0;0
SAN IGNACIO;-7.831;-78.71536;1;0;1;1;1;0;0
PURRUPAMPA;-7.86934;-78.709;1;0;1;1;1;1;0
CALUARA;-7.86362;-78.71598;1;0;1;1;1;0;0
IRIPIDAY;-7.8534;-78.73084;1;0;1;1;1;0;0
TUDUN;-7.857;-78.74911;1;0;1;1;1;0;0
PORGON;-7.86647;-78.75803;1;0;1;1;1;0;0
CASA BLANCA;-7.85656;-78.74334;1;0;1;1;1;0;0
YERBA BUENA;-7.87431;-78.769;1;0;1;1;1;0;0
RASDAY;-7.87709;-78.75617;1;0;1;1;1;0;0
SHOCUAL;-7.87709;-78.75605;1;0;1;1;1;0;0
ROSA SAURA;-7.8615;-78.70977;1;0;1;1;1;0;0
BELLO HORIZONTE;-8.02921;-78.51341;1;0;1;1;1;0;0
USQUIL;-7.81538;-78.41679;1;0;1;1;1;0;0
LA LEONERA;-7.72517;-78.45333;1;0;1;1;1;0;0
EL RECREO;-7.76103;-78.43249;1;0;1;1;1;0;0
CHUQUIZONGO;-7.75374;-78.4064;1;0;1;1;1;0;0
SAN CARLOS;-7.76282;-78.4293;1;0;1;1;1;0;0
PAMPA VERDE;-7.77824;-78.387;1;0;1;1;1;0;0
NAUBAMBA;-7.80045;-78.43908;1;0;1;1;1;0;0
CAHUALA;-7.78878;-78.37569;1;0;1;1;1;0;0
CHACLAPAMBA;-7.79959;-78.39416;1;0;1;1;1;0;0
HUARISH;-7.79121;-78.42583;1;0;1;1;1;0;0
CONCHOR;-7.79638;-78.41506;1;0;1;1;1;0;0
LA QUESERA;-7.79713;-78.35507;1;0;1;1;1;0;0
ALTO CHICAMA;-7.82706;-78.32118;1;0;1;1;1;0;0
LA FUNDICION;-7.81754;-78.36069;1;0;1;1;1;0;0
CAULIMALCA;-7.81016;-78.37836;1;0;1;1;1;0;0
BARRIO NUEVO;-7.82687;-78.42669;1;0;1;1;1;0;0
HUALLISPAMBA;-7.82556;-78.40226;1;0;1;1;1;0;0
SHUCSHUC;-7.81696;-78.38183;1;0;1;1;1;0;0
EL PEDREGAL;-7.82702;-78.33693;1;0;1;1;1;0;0
ALIZAR;-7.81582;-78.31141;1;0;1;1;1;0;0
PACOSBAMBA;-7.82719;-78.36839;1;0;1;1;1;0;0
EL CONDOR;-7.82808;-78.38357;1;0;1;1;1;0;0
CHICHILLAN;-7.82792;-78.3948;1;0;1;1;1;0;0
LA PAMPA;-7.82313;-78.40983;1;0;1;1;1;0;0
CAJAMARCA;-7.83361;-78.40014;1;0;1;1;1;0;0
CANCHACHUGO BAJO;-7.84022;-78.38988;1;0;1;1;1;0;0
MIRAFLORES;-7.8274;-78.39073;1;0;1;1;1;0;0
ALTO PERU;-7.83676;-78.38772167;1;0;1;1;1;0;0
CUYUCHUGO;-7.83209;-78.39184;1;0;1;1;1;0;0
EL PROGRESO;-7.83718;-78.40642;1;0;1;1;1;1;0
CANCHACHUGO;-7.8333;-78.40027;1;0;1;1;1;0;0
SHIGUILLAN;-7.83851;-78.387;1;0;1;1;1;0;0
CHASIMALCA;-7.82362;-78.36072;1;0;1;1;1;0;0
LA UNION;-7.85849;-78.33656;1;0;1;1;1;0;0
EL MANZANO;-7.86679;-78.36599;1;0;1;1;1;0;0
NAMUCHUGO;-7.8444;-78.38399;1;0;1;1;1;0;0
DOS DE MAYO;-7.85284;-78.42189;1;0;1;1;1;0;0
CHOCONDAY;-7.85798;-78.41193;1;0;1;1;1;0;0
CAPACHIQUE;-7.85578;-78.31265;1;0;1;1;1;0;0
RAYAMBALL;-7.87955;-78.34202;1;0;1;1;1;0;0
TUPAC AMARU;-7.89704;-78.34989;1;0;1;1;1;0;0
BARRO NEGRO ALTO;-7.8865;-78.3798;1;0;1;1;1;1;0
TALLAPLIGUE;-7.90275;-78.33522;1;0;1;1;1;0;0
ZULLANDAS;-7.89986;-78.3616;1;0;1;1;1;0;0
LAS DELICIAS;-7.85397;-78.41683;1;0;1;1;1;0;0
EL INGENIO;-7.84232;-78.37779;1;0;1;1;1;0;0
MASCARAT ALTO;-7.88262;-78.29643;1;0;1;1;1;0;0
BARRO NEGRO;-7.87628;-78.36191;1;0;1;1;1;0;0
LA PILETA;-7.897694342;-78.37332147;1;0;1;1;1;0;0
EL NARANJO;-7.81541;-78.36932;1;0;1;1;1;0;0
SAN PEDRO DE LLOC;-7.424464755;-79.50331884;1;1;1;1;1;2;2
MASANCA;-7.37642;-79.47857;1;0;1;1;1;0;0
CAVOUR;-7.371448333;-79.46806167;1;1;1;1;1;0;0
SANTONTE;-7.37802;-79.43542;1;1;1;1;1;0;0
CHOCOFAN;-7.38745;-79.48972;1;0;1;1;1;1;0
PUEBLO LIBRE;-7.432783256;-79.55418201;1;1;1;1;1;0;0
EL SOLANO;-7.435888333;-79.52361167;1;1;1;1;1;0;0
CALA;-7.40372;-79.50112;1;0;1;1;1;0;0
DIOS TEDE;-7.46328;-79.50434;1;0;1;1;1;0;0
GUADALUPE;-7.243310554;-79.47035966;1;1;1;1;1;3;2
ALTO PERU;-7.22076;-79.46319;1;0;1;1;1;0;0
EL HUABITO;-7.2319;-79.4608;1;0;1;1;1;0;0
CAMPO ARTURO;-7.22781;-79.45522;1;0;1;1;1;0;0
EL MOLINO;-7.23278;-79.45185;1;1;1;1;1;0;0
LOS JARDINES;-7.25261;-79.49887;1;0;1;1;1;0;0
CASA BLANCA;-7.2492;-79.44354;1;0;1;1;1;0;0
NUEVO GUADALUPE;-7.25864;-79.49112;1;0;1;1;1;0;0
LA CINTA;-7.25504;-79.4553;1;0;1;1;1;0;0
LOS MANGOS;-7.28282;-79.44235;1;0;1;1;1;0;0
LA GRANJA;-7.28059;-79.44744;1;0;1;1;1;1;0
CALERA;-7.275534659;-79.45478195;1;0;1;1;1;0;0
CERRO AZUL;-7.27003;-79.48141;1;0;1;1;1;0;0
EL APRA;-7.292595;-79.43301167;1;0;1;1;1;0;0
PRIMER CAMPO;-7.29415;-79.43342;1;1;1;1;1;0;0
LA LAGUNA;-7.29633;-79.43686;1;1;1;1;1;0;0
JORGE CHAVEZ;-7.28574;-79.41665;1;1;1;1;1;0;0
MARISCAL CASTILLA;-7.299113658;-79.40718041;1;1;1;1;1;0;0
PORVENIR;-7.3025441;-79.41091;1;1;1;1;1;1;1
SAN RAMON;-7.3042039;-79.40231;1;1;1;1;1;0;0
CHAFAN GRANDE;-7.31413;-79.37967;1;1;1;1;1;0;0
LIMONCARRO (LIMON CARRO);-7.301874239;-79.41653599;1;1;1;1;1;0;0
TAMARINDO;-7.30344;-79.44974;1;1;1;1;1;0;0
CIUDAD DE DIOS;-7.303812629;-79.48070322;1;1;1;1;1;1;1
MANUEL GUARNIZ;-7.31457;-79.47933;1;1;1;1;1;0;0
FACLO CHICO;-7.31187;-79.48824;1;0;1;1;1;0;0
NUEVA ESPERANZA;-7.31287;-79.49961;1;1;1;1;1;0;0
FACLO GRANDE;-7.3133;-79.51276;1;1;1;1;1;0;0
CRUZ DE GUAYABO;-7.31607;-79.56608;1;1;1;1;1;0;0
LUIS SILVA;-7.31645;-79.55495;1;1;1;1;1;0;0
PAMPAS DE JESUS;-7.30547;-79.4401;1;1;1;1;1;0;0
LA PLANTA;-7.30461;-79.46006;1;1;1;1;1;0;0
ALTO GUADALUPITO;-7.23188;-79.46617;1;1;1;1;1;2;2
CALERITA;-7.26723;-79.4796;1;0;1;1;1;0;0
SANJON MARINU�EZ;-7.23147;-79.48425;1;0;1;1;1;0;0
PAMPILLA BAJA;-7.2247;-79.48693;1;0;1;1;1;0;0
SAN ISIDRO;-7.30227935;-79.41846099;1;1;1;1;1;0;0
JEQUETEPEQUE;-7.33755113;-79.5631091;1;1;1;1;1;1;1
LAS MERCEDES;-7.32827;-79.57552;1;1;1;1;1;0;0
MONTE VERDE;-7.3323;-79.5654;1;1;1;1;1;0;0
LA VENTUROSA;-7.33682;-79.55692;1;1;1;1;1;0;0
GUANILO;-7.33334;-79.55488;1;1;1;1;1;0;0
LA CRUZ;-7.33275;-79.52855;1;0;1;1;1;0;0
LA PE�A;-7.33041;-79.52188;1;1;1;1;1;0;0
LACHE GRANDE;-7.33092;-79.50888;1;1;1;1;1;0;0
LACHE CHICO;-7.32848;-79.50832;1;1;1;1;1;0;0
HUASCAR (EL HUASCAR);-7.34124838;-79.51633535;1;1;1;1;1;0;0
LETANA;-7.33698;-79.51762;1;1;1;1;1;0;0
COLLIQUE;-7.33401;-79.51911;1;1;1;1;1;0;0
DAMAS ARIAS;-7.33546;-79.52026;1;1;1;1;1;0;0
SAUSAL;-7.33498;-79.52817;1;0;1;1;1;0;0
CHICORIAL;-7.33846;-79.52406;1;1;1;1;1;0;0
PLATANAR;-7.33718;-79.52742;1;1;1;1;1;0;0
LA CEBADA;-7.33767;-79.53135;1;0;1;1;1;0;0
ALGARROBO EL SANTO;-7.33778;-79.55698;1;1;1;1;1;0;0
EL OLIVAR;-7.34187;-79.56784;1;1;1;1;1;0;0
PUENTE ZAMBRANO;-7.33969;-79.56651;1;1;1;1;1;0;0
SANTA MARTHA;-7.34219;-79.57981;1;0;1;1;1;0;0
CERRO DE DOS CABEZAS (EL CERRO);-7.34925;-79.58293;1;1;1;1;1;0;0
EL BALZAR;-7.35479;-79.57391;1;1;1;1;1;0;0
LA PRIMAVERA;-7.34845;-79.56648;1;1;1;1;1;0;0
LA MINA;-7.34471;-79.55695;1;1;1;1;1;0;0
JUAN GRANDE;-7.34112;-79.54055;1;0;1;1;1;0;0
CACHO DE VENADO;-7.34617;-79.52971;1;0;1;1;1;0;0
ZANJON;-7.35226;-79.51421;1;1;1;1;1;0;0
LA FLORIDA;-7.34779;-79.51384;1;1;1;1;1;0;0
SANTA APOLONIA;-7.32777;-79.56099;1;1;1;1;1;0;0
LAS CALABERAS;-7.35109;-79.56729;1;1;1;1;1;0;0
BOCA DEL RIO;-7.34016;-79.58858;1;1;1;1;1;0;0
LOS GUABOS;-7.3456;-79.56218;1;1;1;1;1;0;0
HUASCAR;-7.33292;-79.51505;1;1;1;1;1;0;0
PACASMAYO;-7.400012622;-79.56724966;1;1;1;1;1;4;3
LAGUNA DEL MUERTO IZQUIERDO;-7.3883;-79.53769;1;1;1;1;1;0;0
SAN JOSE;-7.350032201;-79.45504897;1;1;1;1;1;2;1
CRUCE SAN MARTIN DE PORRES (EL CRUCE);-7.332636607;-79.48325205;1;1;1;1;1;0;0
�AMPOL;-7.33437;-79.46681;1;1;1;1;1;0;0
COSQUE;-7.333801667;-79.444615;1;1;1;1;1;0;0
CULTAMBO;-7.33272;-79.43025;1;0;1;1;1;0;0
NUEVA ESPERANZA;-7.33712;-79.39927;1;1;1;1;1;0;0
INFIERNILLO DE CHAFAN;-7.3332;-79.39079;1;1;1;1;1;0;0
LAS VEGAS;-7.33203;-79.38016;1;1;1;1;1;0;0
LA PORTADA DE LA SIERRA;-7.34003;-79.38445;1;1;1;1;1;1;0
EL INFIERNILLO;-7.34087;-79.40372;1;1;1;1;1;0;0
LA VI�A;-7.336396667;-79.47036833;1;0;1;1;1;0;0
JAGUEY (EL JAGUEY);-7.33851;-79.49612;1;1;1;1;1;1;1
VENTARRON;-7.34989;-79.4636;1;1;1;1;1;0;0
POTRERO;-7.35226;-79.42478;1;0;1;1;1;0;0
TECAPA;-7.35761;-79.421;1;0;1;1;1;0;0
ALTO JAGUEY;-7.3424;-79.495;1;1;1;1;1;0;0
LA HUACA;-7.36949;-79.43114;1;1;1;1;1;0;0
QUEBRACHO;-7.36503;-79.42806;1;1;1;1;1;0;0
PUEBLO NUEVO;-7.35805;-79.39551;1;0;1;1;1;0;0
PAMPA DE LA CEBRUNA;-7.35729;-79.49755;1;1;1;1;1;0;0
PORTADA DE LA SIERRA;-7.3425;-79.38948;1;1;1;1;1;0;0
TAYABAMBA;-8.27772392;-77.29576994;1;1;1;1;1;1;1
URPAYCITO;-8.2486;-77.30953;0;1;0;0;0;0;0
CHUNCO;-8.255573333;-77.31687667;0;1;0;0;0;0;0
CARANYACO;-8.24968;-77.30651;1;1;1;1;1;0;0
COLPABAMBA;-8.26357;-77.30271;1;1;1;1;1;0;0
EL RECREO;-8.25951;-77.32065;1;1;1;1;1;0;0
CHIQUIACOCHA;-8.26699;-77.29341;1;1;1;1;1;0;0
COLLAY;-8.26429;-77.28505;1;1;1;1;1;0;0
SAN PEDRO;-8.27244;-77.27826;1;1;1;1;1;0;0
ACHICAYANTA;-8.27861;-77.27462;1;0;1;1;1;0;0
HUANCHIL;-8.27573;-77.30842;1;1;1;1;1;0;0
MATAPA;-8.277646667;-77.30263167;0;1;0;0;0;0;0
CUCHICANCHA;-8.28839;-77.29612;1;0;1;1;1;0;0
QUEROS;-8.28429;-77.2804;1;0;1;1;1;0;0
GOCHAPITA;-8.28548;-77.26912;1;0;1;1;1;0;0
ALLAUCA;-8.29334;-77.28441;1;1;1;1;1;0;0
SUYOPAMPA;-8.28727;-77.29097;1;0;1;1;1;0;0
NUEVO PROGRESO;-8.30017;-77.2777;1;0;1;1;1;0;0
ANTAMARKA;-8.28799;-77.27418;1;0;1;1;1;0;0
HUASHIRAJ;-8.29845;-77.28663;1;0;1;1;1;0;0
PUEBLO VIEJO;-8.29984;-77.27604;1;0;1;1;1;0;0
LLAMACANCHA;-8.3032;-77.27738;1;0;1;1;1;0;0
SAN MATEO;-8.27889;-77.2805;1;0;1;1;1;0;0
PATAZ;-7.784799809;-77.5942176;1;0;1;1;1;0;0
CARHUABAMBA;-7.75981;-77.57858;1;0;1;1;1;0;0
BELLAVISTA;-7.760686667;-77.58999667;1;0;1;1;1;0;0
TAYANGO;-7.7612;-77.61017;1;0;1;1;1;0;0
CUYMUY;-7.76254;-77.6035;1;0;1;1;1;0;0
ZARUMILLA;-7.76192;-77.59641;1;0;1;1;1;1;0
MONTERRICO;-7.76592;-77.58089;1;0;1;1;1;0;0
IQUIQUE;-7.76697;-77.59086;1;0;1;1;1;0;0
SULLANA;-7.75728;-77.61282;1;0;1;1;1;0;0
PUEBLO NUEVO;-7.77303;-77.58814;1;0;1;1;1;0;0
EL MOLINO;-7.77257;-77.57797;1;0;1;1;1;0;0
CUAYCO;-7.77274;-77.5767;1;0;1;1;1;0;0
EL POTRERO;-7.7756406;-77.5866;1;0;1;1;1;0;0
RISION;-7.77638;-77.59186;1;0;1;1;1;0;0
PUCURCO;-7.78466;-77.57356;1;0;1;1;1;0;0
LA CRUZ;-7.78956;-77.5819;1;0;1;1;1;0;0
LA GRAMA;-7.78886;-77.57453;1;0;1;1;1;0;0
SAN FERNANDO;-7.79285;-77.60908;1;0;1;1;1;0;0
LAS PIRCAS;-7.79402;-77.60096;1;0;1;1;1;0;0
SAN FRANCISCO;-7.79281;-77.60176;1;0;1;1;1;0;0
LA RETAMA;-7.76273;-77.60016;1;0;1;1;1;0;0
BUENOS AIRES;-7.7605476;-77.60555;1;0;1;1;1;0;0
LA PAMPA;-7.75404;-77.57208;1;0;1;1;1;0;0
HUAMACHUCO;-7.815629862;-78.04868705;1;1;1;1;1;6;2
EL OLIVO;-7.71509;-78.07402;1;0;1;1;1;0;0
MALLAN;-7.75631;-78.09609;0;1;0;0;0;0;0
MARCOCHUGO;-7.76158;-78.02164;1;1;1;1;1;0;0
CAPULI;-7.75775;-78.00502;1;0;1;1;1;0;0
PUENTE PIEDRA;-7.77269;-78.03465;1;0;1;1;1;0;0
PASHAGON;-7.75984;-78.04158;1;0;1;1;1;0;0
PAYAMARCA;-7.76845;-78.05708;1;0;1;1;1;0;0
COIPIN;-7.7875;-78.06192;1;1;1;1;1;0;0
WIRACOCHAPAMPA;-7.78794;-78.04653;1;0;1;1;1;0;0
RUMICHACA;-7.77025;-78.02414;1;0;1;1;1;0;0
YANASARA;-7.80145;-77.91328;1;0;1;1;1;0;0
SAUSACOCHA;-7.80265;-77.98395;1;0;1;1;1;1;0
CAHUADAN;-7.78737;-78.02088;1;0;1;1;1;0;0
CHOCHOCONDA;-7.80963;-78.02939;1;1;1;1;1;0;0
SAZON;-7.80964;-78.03357;1;1;1;1;1;0;0
SHIRACMACA;-7.81521;-78.00814;1;1;1;1;1;1;1
EL TORO;-7.82476;-78.01828;1;0;1;1;1;0;0
PARANSHIQUE;-7.8305;-78.02639;1;1;1;1;1;0;0
QUINTA ALTA;-7.82833;-78.03283;1;1;1;1;1;0;0
MOLINO GRANDE;-7.82611;-78.03731;1;1;1;1;1;2;2
LA COLPA;-7.83405;-78.07492;1;0;1;1;1;0;0
PUMACHACA;-7.83055;-78.07415;1;0;1;1;1;0;0
CHOQUIZONGUILLO;-7.83909;-78.09104;1;0;1;1;1;1;0
COYOCHURO;-7.83286;-78.10497;1;0;1;1;1;0;0
CULICANDA;-7.84795;-78.1013;1;0;1;1;1;0;0
LA ARENA;-7.88949;-78.12523;1;0;1;1;1;1;1
AGUA BLANCA;-7.88371;-78.10969;1;1;1;1;1;0;0
SIGUISPAMPA;-7.76702;-78.06954;1;1;1;1;1;0;0
HOGUSGON;-7.77535;-78.06719;1;1;1;1;1;0;0
LA COLPILLA;-7.82312;-78.01328;1;1;1;1;1;0;0
PUMAPAMPA;-7.77731;-78.03601;1;0;1;1;1;0;0
ISOGOCHA;-7.79049;-78.02677;1;0;1;1;1;0;0
ANGUAYACO;-7.78417;-78.03637;1;0;1;1;1;0;0
CHAMIS;-7.8196;-77.99701;1;0;1;1;1;0;0
PUMACHO;-7.78685;-78.05914;1;1;1;1;1;0;0
COLPA YANASARINA;-7.79077;-77.92662;1;1;1;1;1;0;0
CHUGAY;-7.782296615;-77.86770619;1;1;1;1;1;0;0
CONVENTO;-7.64101;-77.84183;1;0;1;1;1;0;0
SANTA ROSA;-7.6721;-77.83646;1;0;1;1;1;0;0
PUENTE PACCHA;-7.72917;-77.86867;1;0;1;1;1;0;0
LA RESTAURACION;-7.74778;-77.87845;1;1;1;1;1;0;0
PARVA DEL CERRO;-7.74604;-77.86471;1;0;1;1;1;0;0
PUERTO RICO;-7.75549;-77.88303;1;0;1;1;1;0;0
SAN SALVADOR;-7.78168;-77.85988;1;1;1;1;1;0;0
PIEDRA GRANDE;-7.78711;-77.86434;1;1;1;1;1;0;0
QUEBRADA HONDA;-7.78945;-77.8805;1;1;1;1;1;1;1
PIEDRA CHICA;-7.79062;-77.8571;1;1;1;1;1;0;0
SHIRACPATA;-7.80976;-77.88315;1;0;1;1;1;0;0
LA ACHUPALLA;-7.81348;-77.8783;1;0;1;1;1;0;0
CHUSGON;-7.81653;-77.8999;1;0;1;1;1;0;0
LA BANDA;-7.8387109;-77.87525;1;1;1;1;1;0;0
COCHABAMBA;-7.83236;-77.87772;1;1;1;1;1;1;0
EL OLIVO;-7.83413;-77.87805;1;0;1;1;1;0;0
CARRIZO;-7.84039;-77.85564;1;0;1;1;1;0;0
PUEBLO NUEVO;-7.65267;-77.82238;1;0;1;1;1;0;0
LA TUNA;-7.82178;-77.71594;1;0;1;1;1;0;0
COLPANA;-7.84473;-77.71643;1;0;1;1;1;0;0
CURGOS;-7.860264341;-77.94356798;1;1;1;1;1;0;0
DESVIO DE CURGOS;-7.80742;-77.99294;1;0;1;1;1;0;0
COLLASGON;-7.81621;-77.96845;1;0;1;1;1;0;0
ANAMUALLE;-7.80425;-77.92599;0;1;0;0;0;0;0
CHIQUICHAL;-7.81426;-77.92279;0;1;0;0;0;0;0
QUEROBAL;-7.83967;-77.93814;1;1;1;1;1;0;0
CANLLEPATA;-7.8153;-77.90819;1;0;1;1;1;0;0
CANDURCO;-7.82889;-77.91697;1;1;1;1;1;0;0
PORVENIR;-7.8322207;-77.94368;1;1;1;1;1;0;0
CUYPAMPA;-7.83123;-77.97664;1;0;1;1;1;0;0
LADERA GRANDE;-7.83681;-77.9573;1;1;1;1;1;0;0
SAN LORENZO;-7.83691;-77.94982;1;1;1;1;1;0;0
CORRAL COLORADO;-7.84431;-77.94001;1;1;1;1;1;0;0
CONDORPINA;-7.845666667;-77.94851;1;1;1;1;1;0;0
PILANCON;-7.8386;-77.94146;1;1;1;1;1;0;0
CUYUMALCA;-7.83656;-77.91881;1;0;1;1;1;0;0
PAMPA GRANDE;-7.84723;-77.95923;1;1;1;1;1;0;0
RINCONADA;-7.84835;-77.96994;1;1;1;1;1;0;0
SHANGAL;-7.86788;-77.98826;0;1;0;0;0;0;0
RAYAMBAL;-7.86188;-77.95614;0;1;0;0;0;1;1
PAMPITAS;-7.83078;-77.93252;1;1;1;1;1;0;0
QUEROBAL GRANDE;-7.83623;-77.93786;1;1;1;1;1;0;0
DESVIO CRUZ VERDE;-7.83383;-77.96843;1;1;1;1;1;0;0
CERRO GRANDE;-7.86754;-77.9521;1;1;1;1;1;0;0
QUISUARPAMPA;-7.7989;-77.91214;1;1;1;1;1;0;0
SANTA ROSA DE CASHAHUATE;-7.65153;-77.85811;1;0;1;1;1;0;0
SHAGARIPE;-7.68487;-78.00619;0;1;0;0;0;0;0
CHACO;-7.69825;-78.04864;1;0;1;1;1;0;0
CHIMINPAMPA;-7.69008;-78.05695;1;0;1;1;1;0;0
TANTADAY;-7.69663;-78.06979;1;1;1;1;1;0;0
YANAYACO;-7.69746;-78.07334;1;0;1;1;1;0;0
EL OLIVO;-7.7022;-78.06843;1;0;1;1;1;0;0
NARANJOPAMPA;-7.69707;-78.05816;1;0;1;1;1;0;0
MOLLEBAMBA;-7.69966;-78.05466;1;0;1;1;1;0;0
CHACOPAMBA;-7.69567;-78.05136;1;1;1;1;1;0;0
TANGAR;-7.70254;-78.02633;1;1;1;1;1;0;0
POTRERO;-7.71315;-78.04758;1;0;1;1;1;0;0
EL POROTO;-7.6976;-78.03272;1;1;1;1;1;0;0
RETAMA;-7.69666;-78.03649;1;1;1;1;1;0;0
ANTILOMA;-7.693736667;-78.01000833;1;0;1;1;1;0;0
SAN MIGUEL;-7.69839;-78.01876;1;1;1;1;1;0;0
MARCABALITO;-7.70447;-78.01573;1;1;1;1;1;0;0
ALISOPAMPA;-7.70681;-78.02592;1;1;1;1;1;0;0
CANOCOCHO;-7.70923;-78.03069;1;1;1;1;1;0;0
TOTORA;-7.71216;-78.02069;1;1;1;1;1;0;0
CHINCHANGO;-7.71285;-78.00819;1;1;1;1;1;0;0
JALCA;-7.71175;-77.96231;0;1;0;0;0;0;0
HABAS HORCO;-7.7144;-78.01668;1;1;1;1;1;0;0
TRANCAPAMPA;-7.71133;-78.02622;1;1;1;1;1;0;0
COMADAY;-7.71524;-78.03379;1;1;1;1;1;0;0
ISCAYCHACA;-7.70869;-78.04711;1;0;1;1;1;0;0
HUBILLAS;-7.70236;-78.04706;1;0;1;1;1;0;0
LA CAPILLA;-7.7199;-78.01315;1;1;1;1;1;0;0
CHUNGAL MAJADA;-7.72116;-77.9805;1;1;1;1;1;0;0
CHAQUILBAMBA;-7.72778;-77.9978;1;1;1;1;1;0;0
CUSHURO DE PAMPATAC;-7.74398;-77.96265;1;0;1;1;1;0;0
AGOCASH;-7.74285;-77.97486;1;0;1;1;1;1;0
QUEBRADA HONDA;-7.74286;-78.01611;1;0;1;1;1;0;0
CHOROBAMBA;-7.73284;-78.04436;0;1;0;0;0;0;0
SAN FERNANDO;-7.73959;-78.02469;1;1;1;1;1;0;0
LOCABAMBITA;-7.70156;-78.00535;0;1;0;0;0;0;0
QUERQUER;-7.69416;-78.01008;0;1;0;0;0;0;0
PATA;-7.68643;-77.99306;0;1;0;0;0;0;0
EL DESVIO;-7.70757;-78.02213;1;1;1;1;1;0;0
RAYAMI;-7.71919;-78.04415;1;1;1;1;1;0;0
PALO BLANCO;-7.70734;-77.99139;1;1;1;1;1;0;0
CHONSHORCO;-7.72353;-78.01599;1;0;1;1;1;1;1
PUSHIGUIL;-7.73493;-77.96326;0;1;0;0;0;0;0
MANGAMACHAY;-7.70372;-78.00707;0;1;0;0;0;0;0
VILCABAMBA;-7.71703;-78.00903;1;1;1;1;1;0;0
HUASHASHORCO;-7.6514;-77.85379;1;0;1;1;1;0;0
QUEBRADA NEGRA;-7.70171;-78.0336;1;0;1;1;1;0;0
YANAPALPA (YANALPA);-7.69869;-78.08588;1;0;1;1;1;0;0
VILCAS;-7.69598;-78.08875;1;0;1;1;1;0;0
CHUNCHUQUILCA;-7.73109;-78.09702;0;1;0;0;0;0;0
MOCCHACAULLA;-7.676;-78.1087;1;1;1;1;1;0;0
RAYAMPAMPA;-7.7274;-78.10331;0;1;0;0;0;0;0
CHINDAHUILCA;-7.74796;-78.13706;0;1;0;0;0;0;0
SARIN;-7.91135;-77.90576;1;0;1;1;1;0;0
TUNGUAL;-7.8420719;-77.89921;1;1;1;1;1;0;0
EL CALVARIO;-7.84134;-77.89463;1;0;1;1;1;0;0
LIC LIC;-7.84551;-77.89134;1;0;1;1;1;0;0
CERRO GRANDE;-7.87297;-77.90855;0;1;0;0;0;0;0
CEBADAPAMPA;-7.88864;-77.90977;0;1;0;0;0;0;0
MOYAN;-7.880553333;-77.92163333;1;1;1;1;1;0;0
OLLOCOPAMPA;-7.87677;-77.9077;0;1;0;0;0;0;0
EL ALIZO;-7.88995;-77.90054;0;1;0;0;0;0;0
CUYPISH;-7.89685;-77.91144;0;1;0;0;0;0;0
URUSCHUGO;-7.8934;-77.93034;0;1;0;0;0;0;0
CANDOVAL;-7.90227;-77.90723;0;1;0;0;0;0;0
CHURGES;-7.919419976;-77.90329999;1;1;1;1;1;0;0
CHIMINA;-7.91669;-77.91253;1;1;1;1;1;0;0
MUNDO NUEVO;-7.90939;-77.90975;1;0;1;1;1;0;0
URUSPAMPA;-7.91424;-77.92993;0;1;0;0;0;0;0
LICAME;-7.919949976;-77.91470999;0;1;0;0;0;0;0
QUISIRIA;-7.9237207;-77.90791;0;1;0;0;0;0;0
TORTOBAMBA;-7.92855;-77.90861;0;1;0;0;0;0;0
CACHUARA;-7.9244297;-77.89525;1;0;1;1;1;0;0
GOMISPAMPA;-7.92877;-77.89891;1;1;1;1;1;0;0
CONTINGO;-7.93218;-77.87418;0;1;0;0;0;0;0
LLANTEN;-7.95071;-77.87424;1;0;1;1;1;0;0
HUAYRAURO;-7.94432;-77.87953;1;1;1;1;1;0;0
CAYBAS;-7.8513571;-77.88939424;1;1;1;1;1;0;0
MARANPAMPA;-7.8544206;-77.89639649;1;1;1;1;1;0;0
GUAGALLE;-7.85004423;-77.89820174;1;1;1;1;1;0;0
MACHAY;-7.887486667;-77.91715833;0;1;0;0;0;0;0
HUARAUYA;-7.88163;-77.90327;0;1;0;0;0;0;0
TAULLEVARA;-7.88374248;-77.87243561;1;1;1;1;1;0;0
CURIQUINGA;-7.8894;-77.86776;1;0;1;1;1;0;0
CORRAPORCO;-7.9255;-77.8837;1;1;1;1;1;0;0
ARAKUMARKA;-7.93384;-77.8718;0;1;0;0;0;0;0
CORRAL REDONDO;-7.88166;-77.88566;0;1;0;0;0;0;0
LA GRANJA;-7.88412;-77.91399;1;1;1;1;1;0;0
EL MIRADOR;-7.91638;-77.90154;1;0;1;1;1;0;0
SANTO TORIBIO;-7.93028;-77.93503;0;1;0;0;0;0;0
PAICAY;-7.94726;-77.94423;0;1;0;0;0;0;0
ALTO TRUJILLO;-7.94346;-77.93098;0;1;0;0;0;0;0
OROGOLL;-7.89705;-77.90313;1;1;1;1;1;1;0
LLOQUE BLANCO;-7.574453333;-77.81647167;1;1;1;1;1;0;0
SAN ALFONSO;-7.57865;-77.81728;1;1;1;1;1;0;0
CANTA GALLO;-7.608565;-77.810415;1;0;1;1;1;0;0
MARCABAL GRANDE;-7.61452;-77.82147;1;1;1;1;1;0;0
PUCABAMBA;-7.62083;-77.822215;1;0;1;1;1;0;0
LA TUNA;-7.62558;-77.82673;1;0;1;1;1;0;0
LA ESPERANZA;-7.70862;-77.691292;1;0;1;1;1;0;0
LA JALCA;-7.57434;-77.81;1;0;1;1;1;0;0
CARDONAL;-7.581533333;-77.826485;0;1;0;0;0;0;0
SACAY;-7.58874;-77.81161;1;1;1;1;1;0;0
TAYANGO;-7.60068;-77.80634;0;1;0;0;0;0;0
SECTOR CENTRO;-7.60285;-77.80959;0;1;0;0;0;1;1
SECTOR HUALANGO;-7.60904;-77.82132;1;1;1;1;1;0;0
MANZANO;-7.592663333;-77.82789;1;0;1;1;1;0;0
SECTOR CORRALES;-7.601100902;-77.81423665;0;1;0;0;0;0;0
SECTOR NARANJO;-7.598353867;-77.80874848;0;1;0;0;0;0;0
SANTIAGO DE CHUCO;-8.145373448;-78.17326276;1;1;1;1;1;3;3
MUYCAN;-8.11997;-78.17548;1;0;1;1;1;0;0
URUMACA;-8.12656;-78.1663;1;1;1;1;1;0;0
CUNGUAY;-8.16684;-78.17952;1;1;1;1;1;0;0
QUERQUERBALL;-8.17383;-78.18637;0;1;0;0;0;0;0
SURUVARA;-8.17754;-78.22081;1;0;1;1;1;1;0
LA CUCHILLA;-8.19356;-78.21344;1;0;1;1;1;0;0
CUSHURO;-8.20857;-78.19842;1;0;1;1;1;0;0
ANGASMARCA;-8.132737347;-78.05562855;1;1;1;1;1;0;0
UCUMAL;-8.0859;-78.01714;0;1;0;0;0;0;0
HUACASCORRAL;-8.10582;-78.04555;1;0;1;1;1;0;0
CRUZ DE CHUCA;-8.11721;-78.06304;1;1;1;1;1;0;0
HUAYLACA;-8.11291;-78.0727;1;1;1;1;1;0;0
CHUSGON;-8.10853;-78.07087;1;1;1;1;1;0;0
TOTOROPAMPA;-8.12082;-78.04912;1;1;1;1;1;0;0
CULISCANRRA;-8.12859;-78.08572;1;0;1;1;1;0;0
LACAPAMBA;-8.11963;-78.07355;1;0;1;1;1;1;1
MULLIPAMPA;-8.14972;-78.03931;1;1;1;1;1;0;0
PAMPA LARCO;-8.09918;-78.02788;0;1;0;0;0;0;0
CACHICADAN;-8.094632536;-78.14893176;1;1;1;1;1;0;0
HUALANGABAL;-8.05328;-78.07708;0;1;0;0;0;0;0
HUACAS;-8.06674;-78.15352;1;1;1;1;1;0;0
HUAGABAL;-8.08123;-78.15644;1;0;1;1;1;0;0
SAN ANTONIO;-8.08443;-78.15252;1;1;1;1;1;0;0
PICOMAS;-8.10105;-78.15829;1;1;1;1;1;0;0
HUACABALI;-8.08385;-78.1485;1;1;1;1;1;1;1
MOLLEBAMBA;-8.1704;-77.9741;1;0;1;1;1;0;0
MIRAFLORES;-8.12798;-77.98773;1;0;1;1;1;0;0
CARRAPAMBA;-8.12589;-77.99243;1;0;1;1;1;0;0
CRUZ COLORADA;-8.145688333;-78.00116167;1;0;1;1;1;0;0
PISCOCHACA;-8.13923;-78.01125;1;1;1;1;1;0;0
SANTA CLARA DE TULPO (TULPO);-8.14816;-77.99521;1;1;1;1;1;0;0
LOMA LA CRUZ;-8.15144;-77.98666;1;0;1;1;1;0;0
PULLUNGO;-8.15307;-77.98077;1;0;1;1;1;0;0
SAVICHUGO;-8.15058;-77.99026;1;0;1;1;1;0;0
LAS PIEDRAS;-8.15292;-77.98774;1;0;1;1;1;0;0
LA COLPA;-8.15909;-77.98878;1;0;1;1;1;0;0
HUALLIO;-8.15429;-77.97904;1;1;1;1;1;0;0
MIRADOR;-8.15819;-77.97061;1;0;1;1;1;0;0
LA ZARZA;-8.15811;-77.97543;1;0;1;1;1;0;0
CALLEJON;-8.16411;-77.96669;1;0;1;1;1;0;0
GRANERO;-8.1666;-77.97067;1;0;1;1;1;0;0
YERBA VERDE;-8.1618;-77.96849;1;0;1;1;1;0;0
EL CASTILLO;-8.16849;-77.96704;1;0;1;1;1;0;0
PALLASQUITA;-8.17575;-77.97129;1;0;1;1;1;0;0
QUEBRADA HONDA;-8.17713;-77.97411;1;0;1;1;1;0;0
FRAILONES;-8.16692;-77.98684;1;0;1;1;1;0;0
CUEVA DEL TUCO;-8.1760391;-77.99175;1;1;1;1;1;0;0
CAYGUYAN;-8.1708808;-78.00642;1;1;1;1;1;0;0
HUAMBO;-8.18275973;-77.98855074;1;1;1;1;1;0;0
MUNGANDA;-8.13481;-77.98582;1;0;1;1;1;0;0
EL CHICHIR;-8.12827;-77.98135;1;0;1;1;1;0;0
EL CHUGAN;-8.15635;-77.97587;1;0;1;1;1;0;0
EL SURO;-8.15522;-77.98516;1;0;1;1;1;1;0
CRUZ DEL MUERTO;-8.16483;-77.98403;1;1;1;1;1;0;0
CHINCHIMAL;-8.17485;-77.97002;1;0;1;1;1;0;0
LOMA LA TRANCA;-8.16867;-77.97506;1;0;1;1;1;0;0
ALTO ZORRILLO;-8.17744135;-77.98562886;1;1;1;1;1;0;0
EL GUACHAQUE;-8.16005;-77.98511;1;0;1;1;1;0;0
LAS MANZANAS;-8.18101;-77.97625;1;0;1;1;1;0;0
PAMPA GRANDE;-8.18378;-77.98212;1;0;1;1;1;0;0
QUICHUA;-8.17987;-77.98838;1;1;1;1;1;0;0
EL POTRERO;-8.18691;-77.98064;1;0;1;1;1;0;0
PAMBACHACRA;-8.1589;-78.02285;1;1;1;1;1;0;0
TULPO;-8.15427;-78.00649;1;0;1;1;1;0;0
MOLLEPATA;-8.19269;-77.95642;1;1;1;1;1;0;0
HUARANA;-8.15704;-77.95347;1;0;1;1;1;0;0
GRANERO;-8.16023;-77.96545;1;1;1;1;1;0;0
LA YEGUADA;-8.16977;-77.95329;1;0;1;1;1;0;0
NOGOL;-8.16548;-77.95023;1;0;1;1;1;0;0
CUNDURMARCA;-8.16842;-77.94294;1;1;1;1;1;0;0
SHIRACBAL;-8.17152;-77.96053;1;0;1;1;1;0;0
SUCCHA;-8.17674;-77.9383;1;1;1;1;1;0;0
YACUANGUNA;-8.18105;-77.95331;1;1;1;1;1;0;0
ZANJAS;-8.17901;-77.96044;1;1;1;1;1;0;0
ARACTULLAN;-8.18446;-77.96234;1;0;1;1;1;0;0
EL ALTO;-8.18955;-77.94916;1;0;1;1;1;0;0
TARGUIBAL;-8.19370448;-77.94570611;1;1;1;1;1;0;0
BELLAVISTA;-8.19649;-77.97556;1;1;1;1;1;0;0
SAMANA;-8.1994902;-77.95836;1;1;1;1;1;0;0
A�IL BAMBA;-8.1941931;-77.96405874;1;1;1;1;1;0;0
MIRAFLORES;-8.16051;-77.95904;1;0;1;1;1;0;0
PIRAS;-8.19582073;-77.96170936;1;1;1;1;1;0;0
QUIRUVILCA;-8.001325772;-78.30884885;1;1;1;1;1;1;1
SHOREY CHICO;-8.016696976;-78.33549085;1;1;1;1;1;0;0
SHOREY GRANDE;-8.012526436;-78.33164562;1;1;1;1;1;1;0
LLARAY;-8.04897;-78.19246;1;0;1;1;1;0;0
CHORPAMPA;-8.05927;-78.17433;1;0;1;1;1;0;0
PASAMBARA;-8.04989;-78.16838;1;0;1;1;1;0;0
QUILLAPAMPA;-8.06603;-78.16181;1;1;1;1;1;0;0
KAUNAPE;-8.06709;-78.17932;1;0;1;1;1;0;0
CHACOMAS;-8.09506;-78.17427;1;1;1;1;1;0;0
TRES CRUCES;-8.01763;-78.29953;1;0;1;1;1;0;0
SANTA CRUZ DE CHUCA;-8.12012;-78.14234;0;1;0;0;0;0;0
COCHAPAMPA;-8.1117;-78.13587;0;1;0;0;0;0;0
CHOROBAL;-8.1263;-78.14677;1;1;1;1;1;0;0
CASCAS;-7.479475383;-78.8194301;1;1;1;1;1;1;0
NONDON;-7.42863535;-78.79325224;0;1;0;0;0;0;0
LAPALEN;-7.4658;-78.84576;1;0;1;1;1;0;0
EL ZAPOTE;-7.47747;-78.81112;0;1;0;0;0;0;0
BELLAVISTA;-7.48315;-78.81363;1;1;1;1;1;0;0
PAMPA DE SAN ISIDRO;-7.48605;-78.82447;1;1;1;1;1;0;0
PUENTE PIEDRA;-7.48279;-78.82616;1;1;1;1;1;0;0
LA CIENEGA;-7.47907;-78.83868;1;1;1;1;1;1;1
PAMPA LARGA;-7.47643;-78.84361;1;1;1;1;1;0;0
LEPENIQUE;-7.48602;-78.85431;1;0;1;1;1;0;0
CERRO COLORADO;-7.49288;-78.83273;1;1;1;1;1;0;0
PAMPAS DE CASCAS;-7.49583;-78.81923;1;0;1;1;1;0;0
CHUCHALAC;-7.49963;-78.83086;1;1;1;1;1;0;0
EL COLLACATE;-7.50579;-78.818;1;0;1;1;1;0;0
LA CONSTANCIA;-7.50977;-78.78596;0;1;0;0;0;0;0
CHEPATE BAJO;-7.51444;-78.79585;1;1;1;1;1;0;0
EL ENFRIADERO;-7.51177;-78.81962;1;1;1;1;1;0;0
LUPUDEN;-7.51381;-78.81975;1;1;1;1;1;0;0
TIERRAS DE CRISTO;-7.52116;-78.81602;1;1;1;1;1;0;0
OCHAPE ALTO;-7.526303333;-78.795475;1;1;1;1;1;0;0
OCHAPE BAJO;-7.53156;-78.79809;1;0;1;1;1;0;0
PALMIRA;-7.53439;-78.80514;1;0;1;1;1;0;0
LA ENCA�ADA;-7.53545;-78.79826;1;0;1;1;1;1;0
LA PAMPA;-7.557705;-78.68090167;1;0;1;1;1;0;0
PUQUIO;-7.56703;-78.68163;1;0;1;1;1;0;0
LA COMPUERTA;-7.57025;-78.68704;1;0;1;1;1;0;0
EL SALITRE;-7.57232;-78.68417;1;0;1;1;1;0;0
MOLINO TAMBO;-7.58;-78.69386;1;1;1;1;1;1;1
EL POZO;-7.57097;-78.70251;1;0;1;1;1;0;0
PAYANIQUE;-7.54907;-78.76933;1;0;1;1;1;0;0
COJITAMBO;-7.56475;-78.80513;1;0;1;1;1;0;0
EL SAUSALITO;-7.55917;-78.81156;1;0;1;1;1;0;0
CRUCE;-7.56503;-78.80544;1;0;1;1;1;0;0
PUENTE OCHAPE;-7.5732;-78.81305;1;0;1;1;1;0;0
EL HECHIDEN;-7.433976667;-78.77511667;0;1;0;0;0;0;0
LOS CULENES;-7.426686667;-78.75782;0;1;0;0;0;0;0
EL PILANCON;-7.42810685;-78.75562311;0;1;0;0;0;0;0
CORRAL GRANDE;-7.43311273;-78.75801911;0;1;0;0;0;0;0
EL PALACIO;-7.46941;-78.75226333;0;1;0;0;0;0;0
LA BANDA;-7.4722;-78.82042;1;1;1;1;1;0;0
ZAPOTAL;-7.5301;-78.79609;1;0;1;1;1;0;0
EL GUAYABO;-7.48376;-78.82392;1;1;1;1;1;0;0
LA CAPILLA;-7.49058;-78.81821;1;1;1;1;1;0;0
PALOSANTO;-7.502993333;-78.81129667;1;0;1;1;1;0;0
CHILE;-7.58549;-78.68359;1;0;1;1;1;0;0
CHUQUILLANQUI;-7.58102;-78.67404;1;0;1;1;1;0;0
PEDREGAL;-7.588033;-78.675198;1;0;1;1;1;0;0
POTRERILLO;-7.58579;-78.692952;1;0;1;1;1;0;0
PANAMA;-7.577691667;-78.70816833;1;0;1;1;1;0;0
CERRO NEGRO;-7.59756;-78.69210167;1;0;1;1;1;0;0
VIRU;-8.414315071;-78.75219813;1;1;1;1;1;2;1
QUENETO;-8.36727;-78.72978;1;0;1;1;1;0;0
TOMABAL;-8.356336284;-78.72053438;1;0;1;1;1;1;0
SUSANGA;-8.37327;-78.63848;1;1;1;1;1;1;1
HUACAPONGO;-8.373789205;-78.65281336;1;0;1;1;1;0;0
EL NI�O;-8.38026;-78.67867;1;0;1;1;1;1;0
ZARAQUE;-8.38744;-78.72472;1;0;1;1;1;0;0
SAN NICOLAS;-8.374428399;-78.70076239;1;0;1;1;1;0;0
SAN JUAN;-8.374225902;-78.7284251;1;0;1;1;1;0;0
CAMPI�A PACORA;-8.40276;-78.7336;1;0;1;1;1;0;0
EL SOCORRO;-8.40578407;-78.73501233;1;0;1;1;1;0;0
SAN IDELFONSO;-8.401516969;-78.78043371;1;1;1;1;1;0;0
CHANQUIN BAJO;-8.41929;-78.78595;1;1;1;1;1;0;0
CALIFORNIA;-8.40937;-78.80815;1;1;1;1;1;1;1
VICTOR RAUL;-8.40513444;-78.82271516;1;1;1;1;1;0;0
BALDEMAR;-8.40641;-78.82444;1;1;1;1;1;0;0
FRONTON ALTO;-8.4132;-78.83985;1;1;1;1;1;0;0
PUERTO MORIN;-8.40319;-78.8959;1;0;1;1;1;1;0
FRONTON BAJO;-8.41574;-78.85773;1;0;1;1;1;0;0
SANTA ELENA;-8.43178;-78.83227;1;0;1;1;1;0;0
CALUNGA;-8.42126;-78.81219;0;1;0;0;0;0;0
SANTA MARIA;-8.4151339;-78.79095;1;1;1;1;1;0;0
PUENTE VIRU;-8.422335717;-78.7804434;1;1;1;1;1;1;1
RAMAL CARTAVIO;-8.431602052;-78.79728028;1;1;1;1;1;0;0
SAUSALITO;-8.445546375;-78.83661448;1;0;1;1;1;0;0
EL CORREGIDOR;-8.44109;-78.79052;1;0;1;1;1;0;0
HUANCACO;-8.44134;-78.8026;0;1;0;0;0;0;0
SAN JOSE;-8.448946286;-78.7359891;1;0;1;1;1;1;0
HUACA LARGA;-8.44192;-78.764;1;0;1;1;1;0;0
HUANCAQUITO ALTO;-8.447656268;-78.81849152;1;0;1;1;1;1;0
CERRITO PI�A;-8.46298706;-78.83050302;1;0;1;1;1;0;0
CARLOS PIMENTEL;-8.44267;-78.86257;1;1;1;1;1;0;0
EL CARMELO;-8.46673427;-78.86777956;1;1;1;1;1;1;1
LOS LAURELES;-8.467389728;-78.85626155;1;1;1;1;1;0;0
HUANCAQUITO BAJO;-8.467595377;-78.84587784;1;1;1;1;1;0;0
COMPOSITAN;-8.49845;-78.84546;1;0;1;1;1;0;0
LAS GAVIOTAS;-8.49358;-78.86145;1;0;1;1;1;0;0
VINZOS;-8.389380912;-78.67002177;1;0;1;1;1;0;0
SANTA CECILIA;-8.43455;-78.85626;1;1;1;1;1;0;0
CAMPO NUEVO;-8.454029976;-78.85323999;1;1;1;1;1;0;0
HUACAPONGO RURAL;-8.36753;-78.65584;1;0;1;1;1;0;0
CAMPI�A CHEQUEPE;-8.425002705;-78.74025427;1;0;1;1;1;0;0
CAMPI�A CHOLOQUE;-8.421865553;-78.7576846;1;0;1;1;1;0;0
PORVENIR LA CA�A;-8.415679779;-78.77234964;1;1;1;1;1;0;0
SAN JOSE RURAL;-8.441881585;-78.73206797;1;0;1;1;1;0;0
EL CARMELO RURAL;-8.46961464;-78.8525145;1;1;1;1;1;0;0
PORTADA DE HUANCACO;-8.432260747;-78.77546689;1;0;1;1;1;1;0
PAMPAS DEL GALLINAZO;-8.446559829;-78.8870703;1;0;1;1;1;0;0
LIMA;-8.4285;-78.74656;1;0;1;1;1;0;0
CAMPO 3;-8.43407;-78.80389;1;1;1;1;1;0;0
RAMAL CHUQUIL;-8.443163594;-78.77418608;1;0;1;1;1;0;0
CHAO;-8.539078751;-78.67902422;1;1;1;1;1;2;1
PAMPA COLORADA;-8.463143612;-78.57212484;1;0;1;1;1;0;0
BUENA VISTA;-8.479573715;-78.63264259;1;0;1;1;1;1;0
PALERMO;-8.485891758;-78.62816915;1;0;1;1;1;0;0
EL PORVENIR;-8.48960678;-78.60934263;1;0;1;1;1;0;0
SAN ROBERTO ALTO;-8.50042;-78.65075;1;0;1;1;1;0;0
EL LUNAR;-8.4998833;-78.65073;1;0;1;1;1;0;0
SAN CARLOS ALTO;-8.50897;-78.63079;1;0;1;1;1;0;0
SANTA RITA BAJA;-8.591968545;-78.70016803;1;0;1;1;1;0;0
EL INCA;-8.510446322;-78.65180074;1;0;1;1;1;1;0
EL ROSARIO;-8.566459697;-78.68190041;1;1;1;1;1;0;0
NUEVO CHAO;-8.512470518;-78.68017393;1;1;1;1;1;2;2
EL TIZAL;-8.574526019;-78.71388245;1;0;1;1;1;0;0
CERRITO;-8.60662;-78.71941;1;0;1;1;1;0;0
LARAMIE;-8.601739742;-78.7216176;1;0;1;1;1;0;0
EL PROGRESO;-8.490307102;-78.64346744;1;0;1;1;1;0;0
EL LUNAR BAJO;-8.50921;-78.65934;1;0;1;1;1;0;0
EL CHE;-8.556223697;-78.70362484;1;0;1;1;1;0;0
SANTA ENRIQUETA;-8.55461;-78.6947;1;1;1;1;1;0;0
EL CHOLOQUE;-8.55806;-78.69765;1;1;1;1;1;0;0
EL ICHU;-8.56741;-78.70683;1;0;1;1;1;0;0
PAMPAS DEL TIZAL;-8.54771;-78.71296;1;0;1;1;1;0;0
SAN CARLOS BAJO;-8.52516;-78.65934;1;1;1;1;1;0;0
SAN ALBERTO;-8.56901;-78.69847;1;1;1;1;1;0;0
SECTOR CORONADO;-8.53146;-78.68192;1;1;1;1;1;0;0
GUADALUPITO;-8.951184867;-78.62483524;1;1;1;1;1;0;0
NUEVA ESPERANZA (BELLO HORIZONTE);-8.9299887;-78.63044;1;1;1;1;1;0;0
CAMPO NUEVO;-8.93652;-78.63376;0;1;0;0;0;0;0
CASUARINAS;-8.921091667;-78.64522333;1;0;1;1;1;0;0
PAMPAS DE DIOS;-8.94342;-78.61302;1;1;1;1;1;0;0
PAMPAS DE DIOS (SAN JUANITO);-8.94636;-78.60996;1;1;1;1;1;0;0
EL INCAICO-PAMPAS DE DIOS;-8.94444;-78.61736;1;1;1;1;1;0;0
PRIMERO DE MAYO;-8.947495;-78.63437333;1;1;1;1;1;0;0
GUADALUPITO ALTO;-8.95436;-78.62948;1;1;1;1;1;0;0
SAN IGNACIO;-8.96137;-78.63039;1;1;1;1;1;0;0
BELLO HORIZONTE;-8.9409;-78.62734;1;1;1;1;1;1;1
GEMA;-8.93289;-78.64189;1;1;1;1;1;0;0
ENTRE CERROS;-8.943195;-78.64126667;1;1;1;1;1;0;0
LA BOCANA;-8.95789;-78.63968;1;1;1;1;1;0;0
LA SALINERA;-8.92068;-78.63163;1;1;1;1;1;0;0
EL PALMO;-8.13242;-79.01;0;1;1;1;1;4;6
EX FUNDO LARREA;-8.13585;-79.01;0;1;1;1;1;1;3
HUANCHACO;-8.084058724;-79.1;0;1;1;1;1;4;9
EL CAMPANARIO;-8.00331;-79.07489;0;1;1;1;1;2;2
EL TABLAZO;-8.07866;-79.1;0;1;1;1;1;1;3
HUANCHAQUITO ALTO;-8.092972892;-79.1;0;1;1;1;1;3;4
SANTA MARIA;-8.0938;-79.061;0;1;1;1;1;0;0
VILLA CHAN CHAN;-8.09759;-79.0921;0;1;1;1;1;0;0
CERRITO DE LA VIRGEN;-8.06579;-79.1;1;0;1;1;1;0;0
BELLO HORIZONTE;-8.058873936;-78.8591;0;1;1;1;1;3;4
QUIRIHUAC ALTO (QUIRIHUAC NUEVO);-8.065833297;-78.861;0;1;1;1;1;0;0
QUIRIHUAC II;-8.0847;-78.871;1;0;1;1;1;0;0
SANTO DOMINGO;-8.10364;-78.91;0;1;1;1;1;0;0
BARRAZA;-8.11036;-78.971;0;1;1;1;1;0;0
CHACARILLA BARRAZA;-8.12171;-78.98486;0;1;1;1;1;0;0
CERRO LA CRUZ;-8.026848294;-78.8451;0;1;1;1;1;0;0
LA CARBONERA;-8.08957;-78.8731;1;0;1;0;0;0;0
MOCHE;-8.171425331;-79.0089351;0;1;1;1;1;1;3
JUSHAPE;-8.13462;-78.99661;0;1;1;1;1;0;0
LA GENERAL (SUN. B);-8.145786973;-79.00067874;0;1;1;1;1;0;0
SAN AGUSTIN DEL PUENTE;-8.14475;-79.01;0;1;1;1;1;0;0
SAN AGUSTIN DE LA PORTADA;-8.15837;-79.01;0;1;1;1;1;0;0
LOS PENCOS;-8.16495;-79.01;0;1;1;1;1;0;0
LOS PENQUITOS;-8.16721;-79.01;0;1;1;1;1;0;0
EL COCO;-8.16333;-78.9971;0;1;1;1;1;0;0
HORCONCITO;-8.16991;-79.01;0;1;1;1;1;0;0
EL PALMO;-8.18365;-79.001;0;1;1;1;1;0;0
CUSTODIA SANTISIMO NOMBRE DE JESUS;-8.164;-79.021;0;1;1;1;1;0;0
DOS DE MAYO;-8.02179;-78.81;0;1;1;1;1;0;0
CANSECO;-8.02393;-78.796495;1;0;1;1;1;0;0
MOCHALITO;-8.022815;-78.791;1;0;1;1;1;0;0
MOCHAL;-8.006876667;-78.78382;1;0;1;1;1;0;0
LA CAPILLA;-8.008384066;-78.78448661;1;0;1;1;1;0;0
EL ARQUITO;-8.00008;-78.771;1;0;1;1;1;0;0
FLOR DE MAYO;-8.02945;-78.81;1;0;1;1;1;3;4
SALAVERRY;-8.217877971;-78.9771;0;1;1;1;1;3;8
CHOROBAL;-8.19367;-78.991;0;1;1;1;1;0;0
ALTO SALAVERRY;-8.189490971;-78.98761;0;1;1;1;1;2;6
CAJAMARCA;-7.971305;-78.81;1;0;1;1;1;0;0
CHOLOCAL;-7.99052;-78.81;1;0;1;1;1;0;0
CATUAY ALTO;-8.011145;-78.83371;0;1;1;1;1;0;0
LA CONSTANCIA;-8.012063333;-78.81;1;0;1;1;1;0;0
CRUZ BLANCA;-8.013101667;-78.80530833;0;1;1;1;1;0;0
BUENOS AIRES;-8.143567052;-79.0561;0;1;1;1;1;10;22
ASCOPE;-7.713503983;-79.1;0;1;1;1;1;1;3
LA CALERA;-7.71305;-79.0881;0;1;1;1;1;0;0
CEPEDA;-7.73586;-79.1;1;0;1;1;1;0;0
SAN BARTOLO;-7.70565;-79.1;0;0;1;1;1;0;0
RIVERA DE RIO;-7.74287;-79.1;0;1;1;1;1;0;0
CHICAMA;-7.842828908;-79.1;1;0;1;1;1;1;2
QUEMAZON;-7.73683;-79.032481;1;0;1;1;1;0;0
CHICAMITA;-7.836034897;-79.1;0;1;1;1;1;0;0
CHICLIN;-7.837606829;-79.1;0;1;1;1;1;0;0
LLAMIPE;-7.89628;-79.1;1;0;1;1;1;0;0
LAGUNA DEL PATO;-7.9107872;-79.1;1;0;1;1;1;0;0
PUENTE TABLA;-7.733636667;-79.0441;0;1;1;1;1;0;0
GAS�APE;-7.76433;-79.1;0;1;1;1;1;0;0
PASCONA BAJA;-7.86943;-79.1;0;1;1;1;1;0;0
ALTO CHICLIN;-7.82117;-79.1;1;0;1;1;1;0;0
ZANJON Y PALMERA;-7.77351;-79.281;1;0;1;1;1;0;0
LA CONSTANCIA;-7.76821;-79.221;0;1;1;1;1;0;0
MOCOLLOPE;-7.785078333;-79.2001;1;0;1;1;1;0;0
CAREAGA;-7.805143333;-79.1;1;0;1;1;1;0;0
MOLINO CHOCOPE;-7.80756;-79.25095;1;0;1;1;1;0;0
MAGDALENA DE CAO;-7.877642168;-79.294451;0;1;1;1;1;3;2
PAMPA DE CARRERA;-7.83634;-79.2751;1;0;1;1;1;0;0
TOMA DEL TUBO;-7.83724;-79.21;0;0;1;1;1;0;0
LA HUACA;-7.8477661;-79.27352;1;0;1;0;0;0;0
LA CUADRA;-7.859801667;-79.28053667;1;0;1;0;0;0;0
HORNA;-7.8474999;-79.31;1;0;1;0;0;0;0
CORRAL DE TOQUEN;-7.87295;-79.31;1;0;1;1;1;0;0
MONCADA;-7.86955;-79.2546;1;0;1;1;1;0;0
PAMPA BLANCA;-7.8833808;-79.31;1;0;1;0;0;0;0
ROSARIO;-7.8854609;-79.3223;1;0;1;0;0;0;0
EL PALMO;-7.880783333;-79.297051;1;0;1;0;0;0;0
CABEZA DEL BUEY;-7.886;-79.30407;1;0;1;1;1;0;0
LA GRAMA (EL PICA);-7.8972304;-79.30641;1;0;1;1;1;0;0
CRUZ VERDE;-7.89927;-79.324291;1;0;1;0;0;0;0
HUACA EL PULPAR II;-7.8512226;-79.321;1;0;1;0;0;0;0
NUEVO TICMAR;-7.84366;-79.27569;0;0;1;1;1;0;0
PAIJAN;-7.734258714;-79.3032621;0;1;1;1;1;3;9
LOS GRADOS;-7.70986;-79.3361;1;0;1;1;1;0;0
HUACA COLORADA;-7.70486;-79.3301;1;0;1;1;1;0;0
LA RUEDA;-7.7353;-79.3281;1;0;1;1;1;0;0
EL PILAR;-7.72898;-79.31;0;1;1;1;1;0;0
SAN JUAN;-7.73664;-79.31;0;1;1;1;1;0;0
GARBANZAL;-7.74809;-79.31;1;0;1;1;1;0;0
MANCO CAPAC;-7.78022;-79.30247;1;0;1;1;1;0;0
CHUIN ALTO;-7.7377;-79.2691;1;0;1;1;1;0;0
LA POSADA;-7.72707;-79.31;0;1;1;1;1;0;0
PUERTO DE MALABRIGO;-7.702035755;-79.4371;0;1;1;1;1;1;2
SAN MATEO;-7.68592;-79.37550333;0;0;1;1;1;0;0
EL PALOMAR;-7.67979;-79.371;0;0;1;1;1;0;0
MONTE SECO;-7.68441;-79.35383;0;0;1;1;1;0;0
LA ARENITA BAJA;-7.67754;-79.3251;1;0;1;1;1;0;0
EL PANCAL;-7.73389;-79.3921;0;0;1;1;1;0;0
LA ARENITA RAMAL III;-7.67948;-79.3261;1;0;1;1;1;0;0
PUEBLO LIBRE;-7.782717398;-79.35658391;1;0;1;1;1;0;0
LAS PALMAS;-7.6694668;-79.391;0;0;1;1;1;0;0
SANTIAGO DE CAO;-7.962578152;-79.238771;0;1;1;1;1;1;2
POZO NUMERO 1;-7.87689;-79.2331;1;0;1;1;1;0;0
CARTAVIO;-7.892675569;-79.221;0;1;1;1;1;2;6
EL EXPERIMENTAL;-7.90503;-79.21;1;0;1;1;1;0;0
LA PONDEROSA;-7.95378;-79.2021;1;0;1;1;1;0;0
MIRAFLORES;-7.88452;-79.1;1;0;1;1;1;0;0
GRUPO CAMPESINO VENCEDORES;-7.93198;-79.1;1;0;1;1;1;0;0
HUACA COLORADA;-7.93389;-79.1;1;0;1;1;1;0;0
HUACA CUCURRIPE (CAMPO 25);-7.91654;-79.2231;1;0;1;1;1;0;0
CAMPI�A CHIQUITOY - RAMAL 3 (LA PONDEROSA);-7.96279;-79.21;0;0;1;1;1;0;0
CASA GRANDE;-7.744551891;-79.1;0;1;1;1;1;5;12
CALLE EL INCA;-7.65108;-79.271;1;0;1;1;1;0;0
COPAS;-7.714371041;-79.21;1;0;1;0;0;0;0
FACALA;-7.72267;-79.1;0;1;1;1;1;0;0
LACHE;-7.72569586;-79.1;0;1;1;1;1;0;0
CHAPARRAL;-7.73036;-79.21;0;1;1;1;1;0;0
EL QUINCE;-7.743601667;-79.1;0;1;1;1;1;0;0
ROMA;-7.76564142;-79.1;0;1;1;1;1;0;0
BAMBAMARCA;-7.43994;-77.69282;0;0;1;1;1;0;0
TRIGOBAMBA;-7.47551;-77.69828;0;0;1;1;1;0;2
CUMPICO;-7.54876;-77.57586;0;0;1;1;1;0;0
SAN ISIDRO;-7.57658;-77.63083;0;0;1;1;1;0;0
PE�A COLORADA;-7.580646667;-77.656825;0;0;1;1;1;0;0
LONGOTEA;-7.04363;-77.87206;0;0;1;1;1;0;0
UCHUMARCA;-7.047259094;-77.8051;0;0;1;1;1;0;0
CHEPEN ALTO;-7.24691;-79.41;0;1;1;1;1;0;0
CALERA ALTA;-7.2962;-79.38554;0;0;1;1;1;0;0
LA PUNTA;-7.31656;-79.37744;0;0;1;1;1;0;0
PACANGA;-7.171347665;-79.48584271;0;1;1;1;1;1;3
NUEVA ESPERANZA;-7.094533333;-79.574861;1;0;1;0;0;1;1
SEBASTROPOL;-7.13904;-79.42788;1;0;1;1;1;0;0
PACANGUILLA;-7.154666867;-79.44361;0;1;1;1;1;1;3
TAMBILLO;-7.164295;-79.4881;1;0;1;1;1;0;0
CRUZ DE LA LEGUA;-7.16878;-79.541;1;0;1;1;1;0;0
EL LIMO;-7.16576;-79.49621;0;1;1;1;1;0;0
EL SANJON;-7.17992;-79.461;1;0;1;1;1;0;0
CABO VERDE;-7.17635;-79.51;0;1;1;1;1;0;0
SAN JORGE;-7.1840743;-79.51;0;1;1;1;1;0;0
SAN GERARDO;-7.176203333;-79.4821;0;1;1;1;1;0;0
TRUST BAJO;-7.16726;-79.4091;1;0;1;1;1;0;0
TRUST ALTO;-7.14225;-79.40034;1;0;1;1;1;0;0
PUEBLO NUEVO;-7.188444257;-79.51;0;1;1;1;1;1;3
HUANCHACO;-7.1692;-79.541;1;0;1;1;1;0;0
NUEVA ESPERANZA;-7.17388;-79.531;1;0;1;1;1;0;0
CHARCAPE;-7.192538333;-79.531;1;0;1;1;1;0;0
UJIAN;-7.193306667;-79.524801;0;1;1;1;1;0;0
AVIACION;-7.2099;-79.51;1;0;1;1;1;0;0
MOLINO;-7.20657;-79.51;1;0;1;1;1;0;0
GEIPE BAJO;-7.19942;-79.5031;1;0;1;1;1;0;0
LA GRANJA;-7.23134;-79.48683;0;1;1;1;1;0;0
GEIPE ALTO;-7.20742;-79.4921;1;0;1;1;1;0;0
SAN VICENTE;-8.00794;-78.481;0;1;1;1;1;0;0
LA FORTUNA;-8.01589;-78.451;0;1;1;1;1;0;0
DOS DE MAYO;-8.03002;-78.50854;1;0;1;1;1;0;0
CHINCHANGO;-8.03135;-78.501;1;0;1;1;1;0;0
NUEVA ESPERANZA;-8.044486667;-78.478761;0;1;1;1;1;0;0
CHUGURPAMPA;-8.03481;-78.45923;1;0;1;1;1;0;0
SAN JUAN;-8.02136;-78.40631;0;0;1;1;1;0;0
OROMALQUI;-8.07473;-78.4861;0;0;1;1;1;0;0
SANTA ROSA;-8.03872;-78.50425;1;0;1;1;1;0;0
SAN AGUSTIN DE CANDUALL;-8.09255;-78.50309;0;0;1;1;1;0;2
CONDORCAMA;-8.13386;-78.36502;0;0;1;1;1;0;0
HUASO;-8.22439;-78.41;0;0;1;1;1;0;0
UNINGAMBAL;-8.2618;-78.3863;0;0;1;1;1;0;0
OTUZCO;-7.902475348;-78.56571;0;1;1;1;1;1;3
LLAUGUEDA;-7.77153;-78.5934;0;0;1;1;1;0;0
PANGO CENTRO;-7.85;-78.55251;0;0;1;1;1;0;0
NUEVO AMANECER;-7.8401;-78.5721;0;0;1;1;1;0;0
SALIGUALDAY;-7.8703;-78.62953;0;0;1;1;1;0;0
SANTA LUCIA;-7.903;-78.4887;1;0;1;0;0;0;0
SAN ISIDRO;-7.90688;-78.50056;1;0;1;0;0;0;0
CIENEGO GRANDE;-7.92089;-78.52503;1;0;1;0;0;1;3
UZGARAT;-7.93563;-78.51;1;0;1;1;1;0;0
ALLACDAY;-7.92959;-78.52779;1;0;1;1;1;0;0
MONTE DE ARMAS ALTO;-7.931288333;-78.541;1;0;1;1;1;0;0
MONTE DE ARMAS BAJO;-7.93447;-78.52607;1;0;1;1;1;0;0
SANCHIQUE;-7.92755;-78.61;0;0;1;1;1;0;0
HUACADAY;-7.948;-78.64972;0;0;1;1;1;0;0
SANTA CRUZ;-7.95246;-78.6374;1;0;1;0;0;0;0
TAYAHUAL;-7.95665;-78.62645;1;0;1;0;0;0;0
CASMICHE NEGRO;-7.97318;-78.64337;1;0;1;0;0;0;0
SHANSHAYLO;-7.83575;-78.5952;0;0;1;1;1;0;0
CHAGAHUARA;-7.84323;-78.59441;0;0;1;1;1;0;0
PANGO BAJO;-7.85589;-78.551;1;0;1;0;0;0;0
SAN MIGUEL;-7.93411;-78.4981;1;0;1;1;1;0;0
CRUZ DE MAYO;-7.94691;-78.51;1;0;1;1;1;0;0
SANGALPAMPA BAJA;-7.93912;-78.51;1;0;1;1;1;0;0
SANGALPAMPA ALTA;-7.93739;-78.52784;1;0;1;1;1;0;0
SANTA CRUZ;-7.94605;-78.4851;1;0;1;1;1;0;0
CAUPAR;-7.95285;-78.48737;1;0;1;0;0;0;0
CARATA;-7.96332;-78.51;1;0;1;1;1;0;0
JOSE BALTA;-7.94253;-78.561;0;1;1;1;1;0;0
LOS ALISOS;-7.96623;-78.5491;1;0;1;1;1;0;0
CAYAMUS;-7.973353892;-78.521;0;0;1;1;1;0;0
NUEVO CALIFORNIA;-7.98255;-78.51;0;0;1;1;1;0;0
MOTIL;-7.99512;-78.5031;0;0;1;1;1;0;0
MONTES DE ARMAS BAJO;-7.94464;-78.51;1;0;1;1;1;0;0
EL EDEN;-7.76331;-78.4951;0;0;1;1;1;0;0
ACHIT;-7.82372;-78.47905;0;0;1;1;1;0;0
COSGOCHE;-7.82554;-78.45895;0;0;1;1;1;0;0
HUARANCHAL;-7.689730015;-78.44271;0;0;1;1;1;0;0
LA FORTUNA;-7.67092;-78.40285;0;0;1;1;1;0;1
PAMPA CHICA;-7.6812;-78.43944;0;0;1;1;1;0;0
COCHAPAMPA;-7.685497278;-78.441;0;0;1;1;1;0;0
EL MANZANO;-7.68836;-78.461;0;0;1;1;1;0;0
CHAPIHUAL;-7.74803;-78.481;0;0;1;1;1;0;0
EL CHORRO;-7.739520657;-78.491;0;0;1;1;1;0;0
LOS LIRIOS;-7.6446;-78.43699;0;0;1;1;1;0;0
PAMPA ONDA;-7.67702;-78.38306;0;0;1;1;1;0;0
NACIONAL;-8.01543;-78.52872;0;0;1;1;1;0;0
NUEVO PERU;-8.0117;-78.5251;0;0;1;1;1;0;0
HUAMANMARCA;-8.02056;-78.50633;1;0;1;1;1;0;0
PISCOPAMPA;-8.0184;-78.521;0;0;1;1;1;0;0
PAMPA VERDE;-8.02208;-78.5201;0;0;1;1;1;0;0
SANTA TERESITA;-8.02594;-78.52287;0;0;1;1;1;0;0
CAMPO BELLO;-8.02804;-78.51;0;0;1;1;1;0;0
LA PRIMAVERA;-8.04083;-78.54688;0;0;1;1;1;0;0
CRUZ DE MAYO;-8.07677;-78.54575;0;0;1;1;1;0;0
PAMPA DE AVENA;-7.90013;-78.71;0;0;1;1;1;0;0
YAGON;-7.87482;-78.71;0;0;1;1;1;0;0
CASMICHE BLANCO;-7.97138;-78.6375;1;0;1;0;0;0;0
COTRA;-7.97896;-78.581;1;0;1;0;0;0;0
USHCOS;-7.982885;-78.61;0;0;1;1;1;0;0
LA ESPERANZA;-7.98567;-78.5831;1;0;1;0;0;0;0
LA GUARDIA;-7.99237;-78.57776;1;0;1;0;0;0;0
MILLUACHAQUI;-7.99482;-78.58995;1;0;1;1;1;0;0
PUENTE TIERRA;-8.00229;-78.5781;1;0;1;1;1;0;0
LLAGUEN;-7.72565;-78.73956;0;0;1;1;1;0;2
PARRAPOS;-7.78064;-78.771;0;0;1;1;1;0;0
SAN IGNACIO;-7.831;-78.71;0;0;1;1;1;0;0
USQUIL;-7.81538;-78.41;0;0;1;1;1;0;2
RAMON CASTILLA;-7.7653;-78.39574;0;0;1;1;1;0;3
CHACLAPAMBA;-7.79959;-78.3941;0;0;1;1;0;0;0
COINA;-7.80546;-78.36553;0;0;1;1;1;0;0
SATAPAMPA;-7.81679;-78.33232;0;0;1;1;1;0;0
SAN MARTIN;-7.85029;-78.331;0;0;1;1;1;0;0
CUYUCHUGO;-7.83209;-78.391;0;0;1;1;1;0;0
SAN PEDRO DE LLOC;-7.424464755;-79.50331;0;1;1;1;1;3;6
CAVOUR;-7.371448333;-79.468061;1;0;1;1;1;0;0
CHASCARRAPE;-7.39431;-79.50764;1;0;1;1;1;0;0
JATANCA;-7.40413;-79.4731;1;0;1;1;1;0;0
CRUCE EL HORNITO;-7.41666;-79.52236;0;1;1;1;1;0;0
PUEBLO LIBRE;-7.432783256;-79.5541;1;0;1;1;1;0;0
SAN DEMETRIO;-7.44063;-79.561;1;0;1;1;1;0;0
BUENOS AIRES;-7.45606;-79.51;1;0;1;1;1;0;0
CERRO CHILCO;-7.46618;-79.45204;1;0;1;1;1;0;0
EL SOLANO;-7.435888333;-79.52361;1;0;1;1;1;0;0
LA CONSTANCIA;-7.46107;-79.5571;1;0;1;0;0;0;0
ALTO PERU;-7.22076;-79.4631;0;1;1;1;1;0;0
SEMAN;-7.21575;-79.46859;0;1;1;1;1;0;0
EL MOLINO;-7.23278;-79.451;0;1;1;1;1;0;0
NUEVO GUADALUPE;-7.25864;-79.491;0;1;1;1;1;0;0
CALERA;-7.275534659;-79.454781;0;1;1;0;0;0;0
JORGE CHAVEZ;-7.28574;-79.41;0;1;1;1;1;0;0
PORVENIR;-7.3025441;-79.41;0;1;1;1;1;0;0
LIMONCARRO (LIMON CARRO);-7.301874239;-79.41;0;1;1;1;1;1;2
ALTO GUADALUPITO;-7.23188;-79.4661;0;1;1;1;1;0;0
JEQUETEPEQUE;-7.33755113;-79.5631;0;1;1;1;1;1;2
LA PE�A;-7.33041;-79.521;0;1;1;1;1;0;0
LETANA;-7.33698;-79.51;0;1;1;1;1;0;0
COLLIQUE;-7.33401;-79.51;0;1;1;1;1;0;0
SAUSAL;-7.33498;-79.5281;0;1;1;1;1;0;0
ZANJON;-7.35226;-79.51;1;0;1;1;1;0;0
HUASCAR;-7.33292;-79.51;1;0;1;1;1;0;0
COSQUE;-7.333801667;-79.44461;0;1;1;1;1;0;0
COSQUEPON;-7.36149;-79.441;1;0;1;1;1;0;0
LA HUACA;-7.36949;-79.431;1;0;1;1;1;0;0
UCRUMARCA;-8.24302;-77.3571;0;0;1;1;0;0;0
ANTAMARKA;-8.28799;-77.2741;0;0;1;1;1;0;0
BULDIBUYO;-8.12716;-77.3952;0;0;1;1;0;0;2
AMAIRCA;-8.14141;-77.391;0;0;1;1;0;0;0
CHILLIA;-8.124911183;-77.51;0;0;1;1;1;0;1
CHICCHES;-8.21636;-77.4785;0;0;1;1;1;0;0
VISTA FLORIDA;-8.21364;-77.46464;0;0;1;1;1;0;5
HUANCASPATA;-8.457584185;-77.2982721;0;0;1;1;1;0;0
PUEBLO LIBRE;-8.45938;-77.25209;0;0;1;1;1;0;0
MANCANITO;-8.46007;-77.30279;0;0;1;1;1;2;3
COCHACARA;-8.46993;-77.23454;0;0;1;1;1;0;0
CUMAR;-8.46363;-77.2934;0;0;1;1;1;0;0
LIBERTAD;-8.48958;-77.31;0;0;1;1;1;0;0
BARRIO ALTO;-8.44889;-77.24656;0;0;1;1;1;0;0
CHILCAPUCRE;-8.45228;-77.24902;0;0;1;1;1;0;0
GIRACAPAMPA;-8.461549409;-77.231;0;0;1;1;1;0;0
PAMPA GRANDE;-8.47011;-77.23088;0;0;1;1;1;0;0
HUAYLILLAS;-8.18769;-77.3431;0;0;1;1;1;0;2
URPAY;-8.183041667;-77.33555;0;0;1;1;1;0;0
ALIZAR;-8.22049;-77.3032;0;0;1;1;1;0;0
CHINCHIL;-8.22493;-77.30606;0;0;1;1;1;0;0
PACHOPATA;-8.22918;-77.29727;0;0;1;1;1;0;0
PUCABAMBA;-8.2318301;-77.301;0;0;1;1;1;0;0
PIEDRA LISA;-8.2321699;-77.30441;0;0;1;1;1;0;0
TOMAC;-8.00935;-77.60746;0;0;1;1;1;0;0
PUCABAMBA;-8.003511667;-77.60779333;0;0;1;1;1;0;0
MONTE REDONDO;-8.01036;-77.61;0;0;1;1;1;0;0
MIGARRAS;-8.00648;-77.61;0;0;1;1;1;0;0
LAMIA;-8.00841;-77.61;0;0;1;1;1;0;0
CORRALPAMPA;-7.95495;-77.56949;0;0;1;1;1;0;0
COCHAS;-7.95844;-77.54528;0;0;1;1;1;0;0
HUAYAO;-7.95549;-77.52729;0;0;1;1;1;0;0
RETAMAS;-8.020516236;-77.47624708;0;0;1;1;1;0;0
PAMPA DEL ESPINO;-8.00738;-77.4951;0;0;1;1;1;0;0
TRANCA HUAYCO;-8.02229;-77.49048;0;0;1;1;1;0;0
ESPERANZA;-8.02216;-77.48658;0;0;1;1;1;0;0
PILANCON;-8.0261;-77.4761;0;0;1;1;1;0;0
PUYHUAN;-8.02092;-77.46746;0;0;1;1;1;0;0
POTACOCHA;-8.04273;-77.48933;0;0;1;1;1;0;0
CABRILLAS;-8.04712;-77.47272;0;0;1;1;1;0;0
EL TAMBO;-8.0382;-77.47975;0;0;1;1;1;0;0
MOLLEPAMPA;-7.91792;-77.59728;0;0;1;1;1;0;0
CONGONA;-7.9551;-77.53207;0;0;1;1;1;0;0
LLACUABAMBA;-8.03337;-77.45735;0;0;1;1;0;0;0
PATAZ;-7.784799809;-77.59421;0;0;1;1;1;2;4
SHICUN;-7.67746;-77.67444;0;0;1;1;1;0;0
QUEBRADA HONDA;-7.74439;-77.621;0;0;1;1;1;0;0
LAS TEJAS;-7.761828333;-77.558555;0;0;1;1;1;0;0
PUEBLO NUEVO;-7.77303;-77.5881;0;0;1;1;1;0;0
SANTA MARIA;-7.77592;-77.58827;0;0;1;1;1;0;0
LA CIENAGA;-7.78313;-77.58432;0;0;1;1;1;0;0
CEBADAPAMPA;-7.81172;-77.60241;0;0;1;1;1;0;0
LA RETAMA;-7.76273;-77.6001;0;0;1;1;1;0;0
PALTARUME;-7.8545;-77.55663;0;0;1;1;1;0;0
PINGOLLO;-7.86575;-77.58277;0;0;1;1;1;0;0
HUAYACOTO;-7.87431;-77.55623;0;0;1;1;1;0;0
CHALLAS;-8.4391;-77.32059;0;0;1;1;1;0;4
TAURIJA;-8.306538031;-77.424541;0;0;1;1;0;0;2
HUANCABAMBA;-8.25297;-77.39766;0;0;1;1;0;0;0
URPAY;-8.347426037;-77.3901;0;0;1;1;1;0;5
SAYRE NUEVO;-8.3484;-77.361;0;0;1;1;1;0;0
LA CONGA;-7.74489;-77.991;0;0;1;1;1;0;0
PALLAR ALTO;-7.75563;-77.90669;0;0;1;1;1;0;0
COIPIN;-7.7875;-78.061;1;0;1;0;0;0;0
SHIRACMACA;-7.81521;-78.0081;0;1;1;1;1;3;2
EL TORO;-7.82476;-78.01;0;1;1;1;1;0;0
PUMACHACA;-7.83055;-78.0741;1;0;1;1;1;0;0
CULICANDA;-7.84795;-78.1;0;0;1;1;1;0;0
LA ARENA;-7.88949;-78.1;0;0;1;1;1;0;0
PUMACHO;-7.78685;-78.0591;1;0;1;0;0;0;0
CHUGAY;-7.782296615;-77.8677061;0;0;1;1;1;0;0
YAMAN;-7.69856;-77.82953;0;0;1;1;0;0;0
MUSHIT;-7.75457;-77.8271;0;0;1;1;1;0;2
SAN FRANCISCO;-7.77104;-77.85845;0;0;1;1;1;0;0
BUENA VISTA;-7.8425;-77.86738;0;0;1;1;1;0;0
LA CONGA;-7.86043;-77.831;0;0;1;1;1;0;0
MARCAMACHAY;-7.86512;-77.82087;0;0;1;1;1;0;0
CAUCHARATAY;-7.94447;-77.68041;0;0;1;1;1;0;0
SANTA FE DE CARRIZAL;-7.95419;-77.66481;0;0;1;1;1;0;0
ARICAPAMPA;-7.80656;-77.71;0;0;1;1;1;0;0
SAN NICOLAS;-7.75065;-77.66685;0;0;1;1;1;0;0
ARAGOSTAY;-7.74974;-77.70686;0;0;1;1;1;0;0
MOLINO VIEJO;-7.75686;-77.77695;0;0;1;1;0;0;0
SITABAMBITA;-7.78094;-77.76463;0;0;1;1;1;0;0
CRUZ QUILDE;-7.77398;-77.71;0;0;1;1;1;0;0
HUAMANMARCA;-7.79136;-77.74945;0;0;1;1;1;0;0
LA TUNA;-7.82178;-77.71;0;0;1;1;1;0;0
TRAPICHE;-7.800955;-77.67237333;0;0;1;1;1;0;0
MUYQUE;-7.81246;-77.6741;0;0;1;1;1;0;0
COCHORCO;-7.810445;-77.6884;0;0;1;1;1;0;0
PARCO;-7.82819;-77.6858;0;0;1;1;1;0;0
CORRALES;-7.82115;-77.682261;0;0;1;1;1;0;0
TRIGO CHACA;-7.8662216;-77.6821;0;0;1;1;1;0;0
QUINUA PUNGO;-7.86365;-77.68229;0;0;1;1;1;0;0
SUCCHA CENTRO;-7.89443;-77.6881;0;0;1;1;1;0;1
LOS CHICHIRIS;-7.86592;-77.66071;0;0;1;1;1;0;0
QUEROBAL;-7.83967;-77.9381;0;0;1;1;1;0;0
MARCABAL;-7.70605;-78.03357;0;0;1;1;1;0;0
PURUMARCA;-7.68742;-78.02209;0;0;1;1;1;0;0
SAN MIGUEL;-7.69839;-78.01;0;0;1;1;1;0;1
SHAYAPUAYCO;-7.7315;-77.96861;0;0;1;1;1;0;0
CHUGURBAMBA;-7.74436;-78.1;0;0;1;1;1;0;0
MUNMALCA;-7.97167;-77.88806;0;0;1;1;1;0;0
LOS CERRIPES;-7.65516;-77.75955;0;0;1;1;1;0;0
HUAYO;-7.66862;-77.71;0;0;1;1;1;0;0
LA CONGA;-7.66767;-77.75345;0;0;1;1;1;0;0
QUISUAR;-7.67143;-77.751;0;0;1;1;1;0;0
EL TORNO;-7.67757;-77.72288;0;0;1;1;1;0;0
LA RINCONADA;-7.67755;-77.71;0;0;1;1;1;0;0
PATY GRANDE;-7.68361;-77.70341;0;0;1;1;1;0;0
SAN MATEO;-7.68295;-77.72929;0;0;1;1;1;0;0
POTRERILLO;-7.68703;-77.75031;0;0;1;1;1;0;0
BELLAVISTA;-7.69959;-77.76644;0;0;1;1;1;0;0
MOROCHO;-7.69615;-77.75681;0;0;1;1;1;0;0
CAHUI�A;-7.68914;-77.7478;0;0;1;1;1;0;0
MANZANO PATA;-7.69693;-77.74982;0;0;1;1;1;0;0
PATACHACRA;-7.69216;-77.74285;0;0;1;1;1;0;0
LANLA;-7.70245;-77.72956;0;0;1;1;1;0;0
PURPURO;-7.71439;-77.77449;0;0;1;1;1;0;0
CACHIPAMPA;-7.716718333;-77.7532;0;0;1;1;1;0;4
HUACHACCHAL;-7.72265;-77.76078;0;0;1;1;1;0;0
BRASIL;-7.73072;-77.7244;0;0;1;1;1;0;0
SAN JOSE;-7.73653;-77.74873;0;0;1;1;1;0;0
LA ESCALERA;-7.73725;-77.75909;0;0;1;1;1;0;0
POMABAMBA;-7.74111;-77.751;0;0;1;1;1;0;0
BUENOS AIRES;-7.7143;-77.76069;0;0;1;1;1;0;0
URUMACA;-8.12656;-78.1;0;0;1;1;1;0;0
HUAYATAN;-8.14231;-78.1;0;0;1;1;1;0;0
PUEBLO NUEVO;-8.15127;-78.2021;0;0;1;1;1;0;0
QUERQUERBALL;-8.17383;-78.1;0;0;1;1;1;0;0
PICHUNCHUCO;-8.19896;-78.1;0;1;1;1;1;0;0
LAS DELICIAS;-8.31617;-78.39681;0;0;1;1;1;0;0
CALIPUY;-8.34636;-78.20654;0;0;1;1;1;0;1
LAS MANZANAS;-8.13461;-78.07727;0;0;1;1;1;0;0
ALTO PERU;-8.09079;-78.1;0;1;1;1;1;0;0
QUEBRADA HONDA;-8.17713;-77.9741;0;0;1;1;1;0;0
ALTO GANDA;-8.17202;-77.99205;0;0;1;1;1;0;0
CANAL;-8.121791667;-77.981;0;0;1;1;1;0;0
EL CHICHIR;-8.12827;-77.981;0;0;1;1;1;0;0
EL SURO;-8.15522;-77.9851;0;0;1;1;1;0;0
EL GUACHAQUE;-8.16005;-77.9851;0;0;1;1;1;0;0
LLAOMACA;-8.16634;-77.9981;0;0;1;1;1;0;0
OROCULLAY;-8.13671;-77.9361;0;0;1;1;1;1;2
LA BANDA;-8.00134;-78.34779;1;0;1;0;0;0;0
SHOREY GRANDE;-8.012526436;-78.331;0;1;1;1;1;0;0
COCHAPAMPA;-8.1117;-78.1;0;1;1;1;1;0;0
CUSHIPE;-8.14537;-78.1;0;1;1;1;1;0;0
SITABAMBA;-8.02206;-77.73;0;0;1;1;1;0;2
CASCAS;-7.479475383;-78.81;0;0;1;1;1;0;0
LAS TEJAS;-7.45933;-78.80785;0;0;1;1;1;0;0
EL PLATANAR;-7.46589;-78.81;0;0;1;1;1;0;0
EL ZAPOTE;-7.47747;-78.81;0;0;1;1;1;2;3
PAMPAS DE CASCAS;-7.49583;-78.81;0;0;1;1;1;0;0
EL COLLACATE;-7.50579;-78.81;0;0;1;1;1;0;0
EL ENFRIADERO;-7.51177;-78.81;0;0;1;1;1;0;0
LUPUDEN;-7.51381;-78.81;0;0;1;1;1;0;0
TIERRAS DE CRISTO;-7.52116;-78.81;0;0;1;1;1;0;0
LUCMA;-7.6409;-78.55072;0;0;1;1;1;0;0
COMPIN;-7.69844158;-78.62607552;0;0;1;1;1;0;1
ESPINAL;-7.57061;-78.4402;0;0;1;1;1;0;2
PAUCO SECO;-7.57091;-78.40325;0;0;1;1;1;0;0
EL CHURGUES;-7.58602;-78.491;0;0;1;1;1;0;0
HIGUSPAMPA;-7.58435;-78.501;0;0;1;1;1;0;0
LA CANTARILLA;-7.57653;-78.5227;0;0;1;1;1;0;0
VIRU;-8.414315071;-78.7521;0;1;1;1;1;4;9
CERRITO;-8.402943552;-78.75971;0;1;1;1;1;0;0
EL SOCORRO;-8.40578407;-78.73501;0;1;1;1;1;1;1
CHANQUIN ALTO;-8.40273;-78.75905;0;1;1;1;1;0;0
CALIFORNIA;-8.40937;-78.8081;0;1;1;1;1;1;3
VICTOR RAUL;-8.40513444;-78.82271;0;1;1;1;1;2;5
CALUNGA;-8.42126;-78.81;0;1;1;1;1;0;0
SAUSALITO;-8.445546375;-78.83661;1;0;1;1;1;0;0
HUANCAQUITO ALTO;-8.447656268;-78.81;1;0;1;1;1;0;0
VITIN;-8.44459;-78.75705;0;1;1;1;1;0;0
POZA EL GATO;-8.44922;-78.79268;0;1;1;1;1;0;0
PALERMO;-8.485891758;-78.6281;1;0;1;0;0;0;0
EL SAUSALITO;-8.482411989;-78.61;1;0;1;1;1;0;0
PIEDRA PARADA;-8.495366871;-78.634731;0;1;1;1;1;0;0
SANTA RITA BAJA;-8.591968545;-78.7001;1;0;1;1;1;0;0
EL INCA;-8.510446322;-78.651;0;1;1;1;1;0;0
NUEVO CHAO;-8.512470518;-78.6801;0;1;1;1;1;4;3
EL TIZAL;-8.574526019;-78.71;1;0;1;1;1;0;0
TANGUCHE;-8.7444;-78.52002;0;0;1;1;1;0;0
EL LUNAR ALTO;-8.49048;-78.64398;0;1;1;1;1;0;0
SANTA ELVIRA;-8.48176;-78.6443;1;0;1;1;1;1;1
COSCOMBA;-8.76438;-78.63579;1;0;1;1;1;0;0
HUACA CORRAL;-8.84898;-78.591;1;0;1;1;1;0;0
TRUJILLO;-8.11179;-79.02868;1;1;1;1;0;70;95
EL PORVENIR;-8.073839;-78.9931;1;1;1;1;0;17;17
FLORENCIA DE MORA;-8.082055;-79.023671;1;1;1;1;0;4;3
HUANCHACO;-8.084059;-79.119369;1;0;1;1;0;3;6
EL MILAGRO;-8.022877;-79.066943;1;0;1;1;0;5;5
HUANCHAQUITO ALTO;-8.092973;-79.102806;1;0;1;1;0;4;4
VILLA CHAN CHAN;-8.09759;-79.09218;1;1;1;1;0;0;0
EL PROGRESO;-8.088256;-79.05492;1;1;1;1;0;1;2
LA ESPERANZA;-8.082975;-79.040998;1;1;1;1;0;15;16
LAREDO;-8.088183;-78.95965;1;0;1;1;0;2;5
CERRO BLANCO (*);-8.07816;-78.87511;0;1;0;0;0;1;1
MOCHE;-8.171425;-79.008935;1;0;1;1;0;3;4
MIRAMAR;-8.175883;-78.996327;1;1;1;1;0;0;0
SALAVERRY;-8.217878;-78.97716;1;1;1;1;0;3;3
ALTO SALAVERRY;-8.189491;-78.98762;1;1;1;1;0;2;2
LOS ANDES;-8.29039;-78.90314;1;1;1;1;0;1;1
BUENOS AIRES;-8.143567;-79.056191;1;1;1;1;0;16;20
ASCOPE;-7.713504;-79.107279;1;1;1;1;0;1;1
CHICAMA;-7.842829;-79.143857;1;1;1;1;0;1;1
SAUSAL;-7.73404;-79.004458;1;1;1;1;0;1;1
CHICLIN;-7.837607;-79.161284;1;1;1;1;0;0;2
LAGUNA DEL PATO;-7.910787;-79.18717;1;0;1;1;0;0;0
PASCONA BAJA;-7.86943;-79.13661;1;0;1;1;0;1;1
CHOCOPE;-7.791847;-79.222653;1;0;1;1;0;1;1
MOCOLLOPE;-7.785078;-79.200118;1;0;1;1;0;0;0
PAIJAN;-7.734259;-79.303262;1;0;1;1;0;2;2
PUERTO DE MALABRIGO;-7.702036;-79.437109;1;1;1;1;0;1;1
SANTIAGO DE CAO;-7.962578;-79.238771;1;1;1;1;0;1;1
CARTAVIO;-7.892676;-79.221425;1;1;1;1;0;2;6
LACHE;-7.725696;-79.191989;1;0;1;1;0;0;0
EL QUINCE;-7.743602;-79.169727;1;0;1;1;0;0;0
ROMA;-7.765641;-79.146846;1;1;1;1;0;1;1
BOLIVAR;-7.153915;-77.702631;1;1;1;1;0;1;1
SANTA CRUZ;-7.15851;-77.69557;1;1;1;1;0;0;0
SHEPIA;-7.16907;-77.68679;1;1;1;1;0;0;0
SAN ISIDRO;-7.16742;-77.710328;1;0;1;1;0;0;0
ULLACHE;-7.17082;-77.71825;1;0;1;1;0;0;0
TEJECHAL;-7.18723;-77.6848;1;0;1;1;0;0;0
LA CURVA;-7.04379;-77.8686;0;0;1;0;0;0;0
UCHUMARCA;-7.047259;-77.805173;1;1;1;1;0;0;0
SHITAPAMPA;-7.042359;-77.83217;1;0;1;1;0;0;0
MIRAFLORES;-7.04272;-77.82378;1;1;1;1;0;0;0
LA FLORIDA DEL INCA;-7.044707;-77.813037;1;0;1;1;0;0;0
JATI PUCRO;-7.058946;-77.795375;1;0;1;1;0;0;0
AMET;-7.05834;-77.78888;1;0;1;1;0;0;0
CHEPEN;-7.227188;-79.429693;1;0;1;1;0;3;3
SANTA VICTORIA;-7.16646;-79.37523;1;0;1;1;0;0;0
CERRILLO;-7.292639;-79.4094;1;0;1;1;0;0;0
ALGARROBAL DE SAN MATEO;-7.30606;-79.34841;0;1;0;0;0;0;0
PACANGA;-7.171348;-79.485843;1;0;1;1;0;1;1
PACANGUILLA;-7.154667;-79.443616;1;0;1;1;0;1;1
SAN JORGE;-7.184074;-79.51489;1;1;1;1;0;0;0
PUEBLO NUEVO;-7.188444;-79.514964;1;1;1;1;0;1;1
CHARCAPE;-7.192538;-79.53187;1;0;1;1;0;0;0
UJIAN;-7.193307;-79.524802;1;0;1;1;0;0;0
JULCAN;-8.042601;-78.486699;1;1;1;1;0;1;1
BELLAVISTA 2;-8.17577;-78.40572;1;1;1;1;0;0;0
UNGUAY;-8.18745;-78.39178;1;1;1;1;0;1;1
2 DE MAYO;-8.18709;-78.39887;1;1;1;1;0;0;0
CARABAMBA;-8.11278;-78.607723;1;0;1;1;0;0;0
SAN JOSE DE ZALO ALTO;-8.10884;-78.65633;1;0;1;1;0;0;0
RIMBARA;-8.0984;-78.64735;1;1;1;1;0;1;1
LA VEGA;-8.22546;-78.43449;1;0;1;1;0;0;0
INTI LLACTA;-8.22728;-78.43707;1;1;1;1;0;0;0
CASAPAMBA;-8.22866;-78.42476;1;0;1;1;0;0;0
SANTA CRUZ;-8.22381;-78.39946;1;0;1;1;0;0;0
LA UNION;-8.27982;-78.39097;1;0;1;1;0;0;0
SANTA E LENA;-8.28302;-78.41028;1;1;1;1;0;1;1
OTUZCO;-7.902475;-78.565714;1;1;1;1;0;1;1
PACHIN BAJO;-7.88404;-78.62513;1;1;1;1;0;1;1
WALTER ACEVEDO;-7.898153;-78.550637;1;0;1;1;0;0;0
SANGALPAMPA BAJA;-7.93912;-78.51067;1;0;1;1;0;0;0
PE�A BLANCA;-8.02347;-78.59066;1;1;1;1;0;0;0
CHEPEN;-8.0833;-78.65185;1;1;1;1;0;0;0
CAMPANA;-7.83556;-78.73138;1;0;1;1;0;0;0
CESAR VALLEJO (*);-7.861126667;-78.43741;0;1;0;0;0;1;1
SAN PEDRO DE LLOC;-7.424465;-79.503319;1;0;1;1;0;2;2
CAVOUR;-7.371448;-79.468062;1;0;1;1;0;0;0
PUEMAPE;-7.504033333;-79.53690833;0;1;0;0;0;1;1
EL SOLANO;-7.435888;-79.523612;1;0;1;1;0;0;0
GUADALUPE;-7.243311;-79.47036;1;0;1;1;0;1;1
LIMONCARRO (LIMON CARRO);-7.301874;-79.416536;1;1;1;1;0;1;1
CIUDAD DE DIOS;-7.303813;-79.480703;1;0;1;1;0;1;1
JEQUETEPEQUE;-7.337551;-79.563109;1;0;1;1;0;1;1
PACASMAYO;-7.400013;-79.56725;1;0;1;1;0;4;7
SAN JOSE;-7.350032;-79.455049;1;0;1;1;0;1;1
CRUCE SAN MARTIN DE PORRES (EL CRUCE);-7.332637;-79.483252;1;1;1;1;0;1;1
COSQUE;-7.333802;-79.444615;1;1;1;1;0;0;0
TAYABAMBA;-8.277724;-77.29577;1;1;1;1;0;3;1
HUANCASPATA;-8.457584;-77.298272;1;1;1;1;0;0;0
SAN ANTONIO;-8.46039;-77.29376;1;0;1;1;0;0;0
HERIJIRCA;-8.46207;-77.29067;1;0;1;1;0;0;0
AUYUPAMPA;-8.45578;-77.28333;1;0;1;1;0;0;0
TOGROJ;-8.45527;-77.28538;1;0;1;1;0;0;0
SAN CARLOS (ARIATUNA);-8.01831;-77.58465;1;0;1;1;0;0;0
TRANCA;-8.01116;-77.59993;1;0;1;1;0;0;0
SANTA CRUZ;-8.01497;-77.57833;1;0;1;1;0;0;0
CALLAUTO;-8.01263;-77.59419;1;1;1;1;0;0;0
DELICIANA;-8.023457;-77.575825;1;0;1;1;0;0;0
BUENOS AIRES;-8.065965;-77.54248167;0;1;0;0;0;1;1
CAPCHABAMBA;-8.03317;-77.57271;1;0;1;1;0;0;0
CHINCHO;-8.02075;-77.57768;1;1;1;1;0;1;1
RUMIBAMBA;-8.00843;-77.59019;1;0;1;1;0;0;0
LUCUMAS;-8.00096;-77.48523;1;0;1;1;0;0;0
RETAMAS;-8.020516;-77.476247;1;1;1;1;0;1;1
RANAPAMPA;-8.02403;-77.47657;1;1;1;1;0;0;0
PILANCON;-8.0261;-77.47611;1;1;1;1;0;0;0
LA BANDA;-8.02769;-77.45787;1;1;1;1;0;0;0
LOS ALISOS;-8.03996;-77.44551;1;0;1;1;0;1;1
JOSE MARIA ARGUEDAS;-8.00197;-77.5668;1;1;1;1;0;0;0
PATAZ;-7.7848;-77.594218;1;1;1;1;0;1;1
SANTA FILOMENA (KAROLA);-7.71934;-77.63566;1;0;1;1;0;0;0
SAPOTE;-7.72504;-77.65586;1;1;1;1;0;0;0
CARHUACOTO;-7.73313;-77.62057;1;1;1;1;0;0;0
EL VADO;-7.72982;-77.6661;1;1;1;1;0;0;0
CEDRO;-7.74509;-77.6273;1;1;1;1;0;4;4
QUEBRADA HONDA;-7.74439;-77.62156;1;0;1;1;0;0;0
BELLAVISTA;-7.760687;-77.589997;1;1;1;1;0;0;0
EL POTRERO;-7.775641;-77.5866;1;0;1;1;0;0;0
EL ALTO;-7.78214;-77.59878;1;1;1;1;0;0;0
MAYAS;-7.78697;-77.58531;1;0;1;1;0;0;0
LAS DELICIAS;-7.7921;-77.59455;1;1;1;1;0;0;0
SAN ANTONIO;-7.72183;-77.66486;1;1;1;1;0;0;0
HUAMACHUCO;-7.81563;-78.048687;1;0;1;1;0;3;5
SANJAPAMPA;-7.77654;-77.99806;1;1;1;1;0;1;1
LLAMPA;-7.77331;-78.1186;1;0;1;1;0;0;0
LA CUCHILLA;-7.8189;-78.02368;1;0;1;1;0;0;0
CUMUMBAMBA;-7.85603;-78.02264;1;0;1;1;0;0;0
CERRO CAMPANA;-7.78707;-77.9811;1;0;1;1;0;0;0
QUINTA BAJA;-7.823425553;-78.03013969;0;1;0;0;0;1;1
COIGOBAMBA BAJA;-7.83699;-77.99636;1;1;1;1;0;1;1
COIGOBAMBA ALTO;-7.84705;-77.99698;1;1;1;1;0;0;0
CASUMACA;-7.759426862;-78.03375643;0;1;0;0;0;1;1
CHUGAY;-7.782297;-77.867706;1;1;1;1;0;0;0
EL CALLEJON;-7.698743;-77.827397;1;0;1;1;0;1;1
LICAME;-7.76667;-77.8351;1;0;1;1;0;1;0
MACULLIDA;-7.78804;-77.79302;1;1;1;1;0;2;1
PAMPA DEL CONDOR;-7.79926;-77.87272;1;1;1;1;0;1;1
PISHAULI;-7.80904;-77.86939;1;1;1;1;0;0;0
PURGATORIO;-7.82853;-77.87215;1;0;1;1;0;0;0
CARRIZAL;-7.83575;-77.86886;1;0;1;1;0;0;0
LA INEA;-7.84976;-77.85255;1;0;1;1;0;0;0
LLUCURQUE;-7.85882;-77.86417;1;1;1;1;0;0;0
LA CONGA;-7.86043;-77.83197;1;1;1;1;0;0;0
HUAGUIL;-7.85843;-77.77681;1;1;1;1;0;1;0
EL ALIZAR;-7.96785;-77.67655;1;0;1;1;0;1;1
CANUCUBAMBA;-7.7793;-77.81006;1;1;1;1;0;1;1
BACAS;-7.81823;-77.74412;1;1;1;1;0;0;0
PLAYA DE LOS LOROS;-7.78709;-77.65888;1;0;1;1;0;0;0
PORVENIR;-7.832221;-77.94368;1;0;1;1;0;0;0
HUANGASPARATE;-7.84291;-77.98791;1;1;1;1;0;0;0
CONDORPINA;-7.845667;-77.94851;1;1;1;1;0;0;0
CALVARIO;-7.857;-77.97692;1;1;1;1;0;0;0
CARGACHE;-7.8672;-77.99839;1;1;1;1;0;0;0
SHIRACPATA;-7.86263;-77.97713;1;1;1;1;0;1;1
CUNGUSH;-7.87759;-77.98942;1;1;1;1;0;0;0
CHOCTAMALCA;-7.87485;-77.96596;1;1;1;1;0;0;0
CASA BLANCA;-7.86691;-77.97011;1;0;1;1;0;0;0
HUAYOBAMBA;-7.75091;-78.13172;1;0;1;1;0;1;0
LLUR;-7.76518;-78.15351;1;1;1;1;0;0;0
LA LUCUMA;-7.77328;-78.14942;1;1;1;1;0;0;0
SUNCHUQUINO;-7.77597;-78.1575;1;1;1;1;0;0;0
PAMPA VERDE;-7.84;-78.20283;1;0;1;1;0;0;0
PERRIQUILQUE;-7.86444;-78.18562;1;1;1;1;0;0;0
LA AURORA;-7.86295;-78.20904;1;0;1;1;0;0;0
CORRAL GRANDE;-7.8733;-78.20304;1;0;1;1;0;0;0
CUSHURO;-7.87062;-78.183848;1;0;1;1;0;0;0
MUMPAMBA;-7.74313;-78.12882;1;0;1;1;0;0;0
MALCACHUGO;-7.758017;-78.140378;1;1;1;1;0;0;0
CHIRCUCHO;-7.76034;-78.14419;1;1;1;1;0;1;1
HUAGUIL ALTO;-7.82717;-78.19186;1;0;1;1;0;0;0
LA ENCA�ADA;-7.83578;-78.20755;1;1;1;1;0;0;0
CHURGES;-7.91942;-77.9033;1;1;1;1;0;0;0
CACHUARA;-7.92443;-77.89525;1;0;1;1;0;0;0
LA VICTORIA;-7.61227;-77.75693;1;1;1;1;0;1;1
SANTIAGO DE CHUCO;-8.145373;-78.173263;1;1;1;1;0;2;2
HUASHGON;-8.16779;-78.16781;1;1;1;1;0;0;0
CACHICADAN;-8.094633;-78.148932;1;1;1;1;0;1;1
QUIRUVILCA;-8.001326;-78.308849;1;1;1;1;0;1;1
QUESQUENDA;-7.95093;-78.21768;1;1;1;1;0;3;3
CALLACUYAN;-7.97007;-78.25964;1;1;1;1;0;1;1
LAGUNA DEL TORO;-7.9909;-78.24835;1;0;1;1;0;0;0
PAMPA DE LA JULIA;-7.97766;-78.3232;1;0;1;1;0;0;0
ALGALLAMA (*);-8.1219;-78.11667;0;1;0;0;0;1;1
CASCAS;-7.479475;-78.81943;1;1;1;1;0;1;2
CHUNCASON;-7.49947;-78.81518;1;0;1;1;0;0;0
PINCHADAY ALTO;-7.59644;-78.62537;1;0;1;1;0;0;0
CUYNA;-7.6318;-78.5314;1;0;1;1;0;0;0
CHUMULLACHI;-7.60483;-78.609;1;0;1;1;0;1;1
ALTO COLPILLA;-7.61687;-78.53995;1;1;1;1;0;0;0
EL CHURGUES;-7.58602;-78.49134;1;0;1;1;0;0;0
LAS TUNAS;-7.57143;-78.47666;1;1;1;1;0;0;0
VIRU;-8.414315;-78.752198;1;0;1;1;0;2;2
VICTOR RAUL;-8.405134;-78.822715;1;1;1;1;0;2;2
SANTA MARIA;-8.415134;-78.79095;1;0;1;1;0;0;0
PUENTE VIRU;-8.422336;-78.780443;1;1;1;1;0;1;1
RAMAL CARTAVIO;-8.431602;-78.79728;1;0;1;1;0;0;0
LOS LAURELES;-8.46739;-78.856262;1;1;1;1;0;1;1
CHAO;-8.539079;-78.679024;1;1;1;1;0;4;4
SAN JORGE;-8.47167;-78.61391;0;1;0;0;0;1;1
EL LUNAR;-8.499883;-78.65073;1;0;1;1;0;0;0
NUEVO CHAO;-8.512471;-78.680174;1;1;1;1;0;0;1
EL PORVENIR;-8.07384;-78.9931;0;1;1;1;0;1;52
FLORENCIA DE MORA;-8.08205;-79.02367;0;1;1;1;0;0;13
HUANCHACO;-8.08406;-79.11937;0;1;1;1;0;0;3
EL PROGRESO;-8.08826;-79.05492;1;0;1;1;0;0;0
LA ESPERANZA;-8.08298;-79.041;0;1;1;1;0;2;44
LAREDO;-8.08818;-78.95965;1;0;1;1;0;2;0
EL TANQUE;-8.14644;-79.00794;1;0;1;1;0;0;0
EL CARNERO;-8.14984;-79.00774;1;0;1;1;0;0;0
SALAVERRY;-8.21788;-78.97716;0;1;1;1;0;1;5
ALTO SALAVERRY;-8.18949;-78.98762;0;1;1;1;0;1;4
ALPAMAYO;-8.27864;-78.92136;1;0;1;1;0;0;0
RIO SECO;-8.26728;-78.92653;1;0;1;1;0;0;0
CAJAMARCA;-7.97131;-78.81035;0;1;1;1;0;0;0
BUENOS AIRES;-8.14357;-79.05619;0;1;1;1;0;0;20
ASCOPE;-7.7135;-79.10728;0;1;1;1;0;0;0
CEPEDA;-7.73586;-79.10714;1;0;1;1;0;0;0
CHICAMA;-7.84283;-79.14386;0;1;1;1;0;1;2
SAUSAL;-7.73404;-79.00446;0;1;1;1;0;1;1
CHICAMITA;-7.83603;-79.1444;1;0;1;1;0;0;0
CHICLIN;-7.83761;-79.16128;0;1;1;1;0;0;2
LAGUNA DEL PATO;-7.91079;-79.18717;1;0;1;1;0;0;0
CHOCOPE;-7.79185;-79.22265;0;1;1;1;0;0;2
PAIJAN;-7.73426;-79.30326;0;1;1;1;0;1;2
CAROLINA;-7.73046;-79.32338;0;0;1;1;0;0;0
PUERTO DE MALABRIGO;-7.70204;-79.43711;0;1;1;1;0;0;3
LAS PALMAS;-7.66947;-79.3918;0;1;1;1;0;0;0
CARTAVIO;-7.89268;-79.22143;0;1;1;1;0;0;0
CASA GRANDE;-7.74455;-79.18794;0;1;1;1;0;1;4
LACHE;-7.7257;-79.19199;0;0;1;1;0;0;0
EL QUINCE;-7.7436;-79.16973;1;0;1;1;0;0;0
ROMA;-7.76564;-79.14685;0;1;1;1;0;0;2
BOLIVAR;-7.15392;-77.70263;0;1;1;1;0;0;0
CHEPEN;-7.22719;-79.42969;0;1;1;1;0;2;5
CERRO SERRANO;-7.2256;-79.40961;1;0;1;1;0;0;0
CERRILLO;-7.29264;-79.4094;0;1;1;1;0;0;0
PACANGA;-7.17135;-79.48584;0;1;1;1;0;1;1
PAMPA LAS SANDIAS;-7.10543;-79.52702;0;1;1;1;0;0;0
SAN JUAN DE DIOS;-7.10098;-79.51581;0;1;1;1;0;1;2
TAMBILLO;-7.1643;-79.48817;1;0;1;1;0;0;0
CABO VERDE;-7.17635;-79.51427;0;0;1;1;0;0;0
SAN JORGE;-7.18407;-79.51489;0;1;1;1;0;0;0
SAN GERARDO;-7.1762;-79.48212;1;0;1;1;0;0;0
SANTA ROSA;-7.1628;-79.55284;0;1;1;1;0;1;2
SAN EUGENIO;-7.18033;-79.56264;0;1;1;1;0;0;0
UJIAN;-7.19331;-79.5248;1;0;1;1;0;0;0
JULCAN;-8.0426;-78.4867;0;1;1;1;0;1;2
CARABAMBA;-8.11278;-78.60772;0;1;1;1;0;0;0
MIGUEL GRAU;-7.93374;-78.5598;1;0;1;1;0;1;0
JOSE BALTA;-7.94253;-78.56152;1;0;1;1;0;0;0
PURRUPAMPA;-8.02308;-78.60596;0;1;1;1;0;0;0
CAVOUR;-7.37145;-79.46806;1;0;1;1;0;0;0
GUADALUPE;-7.24331;-79.47036;0;1;1;1;0;2;2
MARISCAL CASTILLA;-7.29911;-79.40718;0;1;1;1;0;0;0
PORVENIR;-7.30254;-79.41091;0;1;1;1;0;0;0
SAN RAMON;-7.3042;-79.40231;0;1;1;1;0;0;0
LIMONCARRO (LIMON CARRO);-7.30187;-79.41654;0;1;1;1;0;0;2
SAN ISIDRO;-7.30228;-79.41846;0;1;1;1;0;0;0
JEQUETEPEQUE;-7.33755;-79.56311;0;1;1;1;0;1;1
PACASMAYO;-7.40001;-79.56725;0;1;1;1;0;0;7
CRUCE SAN MARTIN DE PORRES (EL CRUCE);-7.33264;-79.48325;0;1;1;1;0;0;1
TAYABAMBA;-8.27772;-77.29577;0;1;1;1;0;1;2
RETAMAS;-8.02052;-77.47625;0;1;1;1;0;0;0
HUAMACHUCO;-7.81563;-78.04869;0;1;1;1;0;0;7
COIGOBAMBA;-7.83437;-77.99563;0;1;1;1;0;0;0
CHUGAY;-7.7823;-77.86771;0;1;1;1;0;0;0
LA BANDA;-7.83871;-77.87525;0;1;1;1;0;0;0
CURGOS;-7.86026;-77.94357;0;1;1;1;0;1;1
PIOGAN;-7.81792;-77.96113;0;1;1;1;0;0;0
PORVENIR;-7.83222;-77.94368;0;1;1;1;0;0;0
CONDORPINA;-7.84567;-77.94851;0;1;1;1;0;0;0
CHUGURBAMBA;-7.74436;-78.16664;1;0;1;1;0;0;0
MALCACHUGO;-7.75802;-78.14038;0;1;1;1;0;0;0
CHICHIPATA;-7.87502;-77.91789;1;0;1;1;0;0;0
MOYAN;-7.88055;-77.92163;0;1;1;1;0;0;0
SAN BERNARDO;-7.88643;-77.92725;0;1;1;1;0;0;0
EL POTRERO;-7.86365;-77.90811;1;0;1;1;0;0;0
MACHAY;-7.88749;-77.91716;0;1;1;1;0;0;0
SANTIAGO DE CHUCO;-8.14537;-78.17326;0;1;1;1;0;1;2
QUIRUVILCA;-8.00133;-78.30885;0;1;1;1;0;0;2
CASCAS;-7.47948;-78.81943;0;1;1;1;0;0;0
VIRU;-8.41432;-78.7522;0;1;1;1;0;1;4
CERRITO;-8.40294;-78.75971;1;0;1;1;0;0;0
LA GLORIA;-8.39969;-78.72908;1;0;1;1;0;0;0
EL SOCORRO;-8.40578;-78.73501;1;0;1;1;0;0;0
SAN IDELFONSO;-8.40152;-78.78043;0;0;1;1;0;0;0
VICTOR RAUL;-8.40513;-78.82272;0;1;1;1;0;0;1
SANTA MARIA;-8.41513;-78.79095;1;0;1;1;0;0;0
PUENTE VIRU;-8.42234;-78.78044;0;1;1;1;0;1;4
RAMAL CARTAVIO;-8.4316;-78.79728;1;0;1;1;0;0;0
SAUSALITO;-8.44555;-78.83661;1;0;1;1;0;0;0
HUANCAQUITO ALTO;-8.44766;-78.81849;1;0;1;1;0;0;0
CERRITO PI�A;-8.46299;-78.8305;0;0;1;1;0;0;0
LOS LAURELES;-8.46739;-78.85626;1;0;1;1;0;0;0
CAMPO NUEVO;-8.45403;-78.85324;1;0;1;1;0;0;0
CAMPI�A CHEQUEPE;-8.425;-78.74025;1;0;1;1;0;0;0
CAMPI�A CHOLOQUE;-8.42187;-78.75768;0;1;1;1;0;0;0
PORVENIR LA CA�A;-8.41568;-78.77235;0;1;1;1;0;0;0
PORTADA DE HUANCACO;-8.43226;-78.77547;1;0;1;1;0;0;0
CHAO;-8.53908;-78.67902;0;1;1;1;0;1;5
PALERMO;-8.48589;-78.62817;1;0;1;1;0;0;0
EL LUNAR;-8.49988;-78.65073;1;0;1;1;0;0;0
EL INCA;-8.51045;-78.6518;0;1;1;1;0;0;0
NUEVO CHAO;-8.51247;-78.68017;0;1;1;1;0;0;1
EL TIZAL;-8.57453;-78.71388;0;1;1;1;0;0;0
EL PROGRESO;-8.49031;-78.64347;1;0;1;1;0;0;0
EL CHE;-8.55622;-78.70362;0;0;1;1;0;0;0
